t,lat,lng,distance_m,altitude_m,velocity_ms,heartrate,cadence,watts,temp_c,moving,grade_pct
0,32.941377,-117.154092,0.8,84.2,0.0,87,,,,False,-1.9
2,32.941357,-117.15407,3.0,84.2,1.1,91,,,,True,-2.5
5,32.941282,-117.154048,11.6,84.0,2.16,92,,,,True,-1.6
7,32.941236,-117.154063,16.8,83.8,2.76,93,,,,True,0.0
10,32.94117,-117.15414,26.5,83.8,2.98,92,,,,True,-2.1
14,32.941057,-117.154185,40.5,84.2,3.386,92,,,,True,-2.7
19,32.940882,-117.154179,60.1,83.0,3.733,91,,,,True,-3.5
24,32.94068,-117.154176,83.1,82.0,4.26,92,,,,True,-4.2
28,32.940512,-117.154197,101.3,81.2,4.578,90,,,,True,-3.0
30,32.940425,-117.15419,111.4,81.2,4.717,89,,,,True,-2.8
33,32.940289,-117.154163,126.9,81.0,5.12,88,,,,True,-4.0
34,32.940234,-117.154161,132.9,80.6,5.267,89,,,,True,-6.7
36,32.940107,-117.154163,146.6,79.4,5.867,89,,,,True,-9.5
38,32.939962,-117.154173,162.4,77.8,7.1,91,,,,True,-9.5
40,32.939805,-117.154156,179.5,76.0,7.767,92,,,,True,-8.6
41,32.939736,-117.154116,187.8,75.4,8.24,92,,,,True,-5.7
42,32.939681,-117.154062,195.6,75.2,8.167,92,,,,True,-3.6
44,32.939612,-117.153919,211.1,75.0,8.117,93,,,,True,-3.3
48,32.939464,-117.153644,241.2,73.8,7.6,93,,,,True,-3.4
49,32.939406,-117.153602,248.0,73.4,7.38,93,,,,True,-4.8
50,32.93934,-117.153599,254.7,73.2,7.267,93,,,,True,-5.2
51,32.939283,-117.153631,261.6,72.6,7.214,93,,,,True,-4.0
52,32.939238,-117.153677,268.0,72.4,7.113,92,,,,True,-2.9
54,32.939142,-117.153787,282.8,72.0,6.96,91,,,,True,-2.0
57,32.939036,-117.153971,303.6,71.8,7.12,90,,,,True,-2.6
58,32.939018,-117.154048,311.0,71.6,7.167,90,,,,True,-2.4
63,32.938967,-117.154391,343.8,70.4,6.7,94,,,,True,-2.1
64,32.93896,-117.15446,350.2,70.4,6.533,94,,,,True,-1.7
67,32.938923,-117.154659,369.1,70.4,6.456,97,,,,True,0.0
69,32.938899,-117.154769,379.9,70.4,5.94,97,,,,True,-1.1
73,32.938859,-117.15492,395.9,70.4,4.467,96,,,,True,-1.9
75,32.938813,-117.155014,405.3,69.8,4.233,95,,,,True,-4.1
76,32.938796,-117.155085,411.8,69.6,4.557,95,,,,True,-8.4
77,32.938807,-117.155165,418.9,68.8,4.875,95,,,,True,-9.8
78,32.938813,-117.15525,426.7,67.8,6.16,95,,,,True,-10.3
79,32.938779,-117.155316,433.9,67.0,6.333,95,,,,True,-6.8
80,32.938733,-117.155367,440.8,66.6,7.1,95,,,,True,-3.5
82,32.938666,-117.155487,454.4,66.4,7.1,95,,,,True,-1.8
84,32.9386,-117.155592,466.9,66.4,6.6,95,,,,True,-1.5
86,32.9385,-117.155645,478.6,66.2,6.3,95,,,,True,-3.0
88,32.938401,-117.155757,493.5,65.8,6.517,94,,,,True,-5.2
89,32.938368,-117.155831,501.4,65.0,6.9,94,,,,True,-6.8
90,32.938338,-117.155906,509.0,64.2,7.017,94,,,,True,-8.6
91,32.938289,-117.155966,516.8,63.6,7.64,94,,,,True,-5.9
93,32.938167,-117.156021,530.8,62.6,7.46,94,,,,True,-4.6
95,32.938049,-117.156095,545.7,62.4,7.34,94,,,,True,-3.4
96,32.937988,-117.156097,552.3,62.2,7.1,94,,,,True,-1.8
97,32.937933,-117.156104,558.0,62.2,6.867,94,,,,True,-1.4
98,32.937886,-117.156129,563.5,62.0,6.54,94,,,,True,0.0
100,32.937835,-117.156232,574.2,62.0,5.7,94,,,,True,-0.4
104,32.937742,-117.156487,600.0,62.2,6.083,91,,,,True,-0.6
105,32.937717,-117.156551,606.9,62.0,6.54,91,,,,True,-0.9
109,32.937627,-117.1568,632.1,61.6,6.42,88,,,,True,-1.8
110,32.937591,-117.156857,638.5,61.4,6.32,86,,,,True,-1.3
111,32.93755,-117.156907,645.2,61.4,6.383,84,,,,True,-0.5
112,32.937515,-117.156962,651.7,61.4,6.4,86,,,,True,-1.0
115,32.937433,-117.157141,670.6,61.4,6.42,93,,,,True,-2.4
116,32.937409,-117.157205,677.1,61.0,6.38,96,,,,True,-2.4
119,32.937342,-117.157389,696.0,60.2,6.329,98,,,,True,-3.2
120,32.937312,-117.157444,702.1,60.2,6.3,98,,,,True,-2.3
122,32.937259,-117.157556,713.8,60.0,6.117,98,,,,True,1.7
123,32.937235,-117.15762,720.5,60.0,6.2,98,,,,True,1.7
129,32.937074,-117.157937,755.0,61.2,5.886,96,,,,True,2.2
132,32.936999,-117.158089,771.7,61.4,5.689,95,,,,True,2.7
137,32.936911,-117.158321,795.6,61.8,5.075,95,,,,True,1.7
140,32.93687,-117.158465,809.7,62.4,4.75,95,,,,True,2.0
143,32.936827,-117.158605,823.6,62.4,4.667,93,,,,True,1.4
147,32.936779,-117.158773,840.5,62.8,4.4,92,,,,True,0.7
152,32.936707,-117.159017,864.6,62.8,4.556,91,,,,True,-0.3
153,32.936698,-117.159077,870.3,62.8,4.967,91,,,,True,-1.2
156,32.936688,-117.159259,887.2,62.2,5.189,91,,,,True,-0.5
157,32.936693,-117.159319,892.6,62.2,5.6,91,,,,True,-0.5
161,32.93673,-117.159474,908.2,62.6,4.2,92,,,,True,2.9
164,32.936731,-117.159496,910.8,62.6,2.6,93,,,,True,3.3
170,32.936762,-117.159525,914.7,63.0,0.722,93,,,,True,1.5
172,32.936769,-117.159548,916.7,63.0,0.738,94,,,,True,-2.1
174,32.936754,-117.1596,921.5,62.8,1.07,95,,,,True,-4.7
176,32.936719,-117.159683,929.9,62.2,2.533,95,,,,True,-5.3
178,32.93671,-117.159791,940.3,61.8,3.933,95,,,,True,-5.2
180,32.9367,-117.159906,950.7,61.2,4.867,96,,,,True,-4.5
181,32.93668,-117.15996,956.1,61.0,5.24,96,,,,True,-3.1
182,32.936655,-117.160005,961.3,60.8,5.233,95,,,,True,-1.8
186,32.936581,-117.160177,979.4,60.6,4.66,93,,,,True,-0.5
187,32.936541,-117.160203,984.3,60.6,4.6,92,,,,True,0.0
189,32.936454,-117.160244,994.7,60.8,4.771,88,,,,True,0.0
190,32.93641,-117.160265,1000.1,60.8,4.85,87,,,,True,-0.5
192,32.936333,-117.160328,1010.3,60.6,5.2,85,,,,True,-1.6
194,32.936273,-117.160416,1021.0,60.4,5.26,84,,,,True,-0.7
196,32.936222,-117.16051,1031.3,60.2,5.2,84,,,,True,-0.6
201,32.936095,-117.160748,1057.7,60.4,5.243,85,,,,True,-0.4
205,32.936034,-117.160903,1073.5,60.2,4.689,84,,,,True,-0.7
206,32.936043,-117.160952,1078.0,60.2,4.06,84,,,,True,-1.2
208,32.936054,-117.161053,1087.3,59.8,4.229,84,,,,True,-0.8
213,32.936117,-117.161246,1107.1,59.8,4.157,84,,,,True,-1.5
218,32.936161,-117.161415,1122.9,59.8,3.56,84,,,,True,-1.1
220,32.936166,-117.161525,1133.1,59.4,3.714,85,,,,True,-1.3
222,32.936134,-117.161621,1142.3,59.2,3.911,86,,,,True,-1.8
224,32.936065,-117.161686,1152.1,59.2,4.867,87,,,,True,-0.5
225,32.936028,-117.161709,1156.7,59.2,4.72,88,,,,True,0.4
228,32.935907,-117.16179,1171.7,59.2,4.9,89,,,,True,0.0
231,32.935795,-117.161881,1187.1,59.4,5.067,90,,,,True,0.6
232,32.93577,-117.161922,1191.6,59.2,4.986,90,,,,True,1.0
239,32.935643,-117.162242,1224.6,59.6,4.688,90,,,,True,0.4
241,32.935607,-117.162336,1234.3,59.8,4.744,89,,,,True,0.4
243,32.935583,-117.162434,1243.9,59.6,4.755,89,,,,True,-1.4
244,32.935572,-117.162484,1248.7,59.4,4.82,89,,,,True,-2.9
245,32.935557,-117.162531,1253.5,59.2,4.817,89,,,,True,-3.4
248,32.935503,-117.162679,1268.4,58.8,4.9,91,,,,True,-2.3
249,32.93549,-117.162734,1273.7,58.6,5.0,92,,,,True,-2.4
254,32.935427,-117.163013,1300.9,58.2,5.417,93,,,,True,-1.0
256,32.935412,-117.163122,1311.4,57.8,5.386,92,,,,True,-0.3
260,32.935365,-117.163333,1331.5,58.2,5.1,92,,,,True,0.8
262,32.935326,-117.163434,1342.1,58.4,5.117,92,,,,True,1.7
269,32.935227,-117.163775,1375.9,58.8,4.933,92,,,,True,1.7
273,32.935189,-117.163967,1394.3,59.2,4.745,91,,,,True,1.7
277,32.935148,-117.164152,1412.2,59.6,4.537,91,,,,True,-0.3
280,32.935108,-117.164284,1425.5,59.8,4.457,90,,,,True,0.0
283,32.935066,-117.164424,1439.1,58.6,4.483,90,,,,True,-1.6
290,32.934954,-117.164737,1471.0,59.2,4.55,89,,,,True,-2.2
297,32.934871,-117.165053,1502.1,58.2,4.5,89,,,,True,-1.7
298,32.934865,-117.1651,1506.5,58.0,4.438,88,,,,True,-3.9
301,32.934848,-117.165273,1522.5,57.2,4.682,88,,,,True,-3.0
302,32.934831,-117.16533,1528.1,57.0,5.2,88,,,,True,-0.8
306,32.934752,-117.165531,1549.1,56.8,5.32,88,,,,True,-0.5
313,32.934643,-117.165876,1583.8,57.4,5.064,86,,,,True,-1.1
319,32.934591,-117.166159,1610.7,56.8,4.738,87,,,,True,-1.3
323,32.934549,-117.166393,1633.0,55.8,4.92,86,,,,True,-2.0
328,32.9345,-117.166669,1659.6,55.4,5.433,88,,,,True,-1.4
331,32.934433,-117.166815,1674.9,55.6,5.238,88,,,,True,0.3
332,32.93442,-117.166873,1680.6,55.8,5.289,88,,,,True,2.2
334,32.934382,-117.166979,1691.3,56.0,5.283,89,,,,True,2.2
335,32.934353,-117.167024,1696.6,56.2,5.286,92,,,,True,1.5
336,32.934323,-117.167062,1701.8,56.2,5.38,108,,,,True,0.7
337,32.934292,-117.167096,1706.5,56.2,5.18,124,,,,True,0.0
340,32.934208,-117.167207,1720.2,56.2,4.72,126,,,,True,0.4
343,32.934139,-117.167377,1737.2,56.2,5.117,127,,,,True,0.3
346,32.934057,-117.167571,1757.8,56.4,6.267,127,,,,True,0.7
348,32.933987,-117.16767,1769.9,56.4,6.54,127,,,,True,0.9
354,32.933778,-117.167905,1801.2,56.8,5.425,127,,,,True,-0.9
355,32.933745,-117.167953,1807.3,56.8,5.343,127,,,,True,-1.3
358,32.933677,-117.168123,1825.0,55.8,5.51,128,,,,True,-3.4
359,32.933646,-117.168176,1831.0,55.6,5.96,128,,,,True,-2.9
361,32.933571,-117.168268,1842.8,55.4,5.917,129,,,,True,-1.2
362,32.933522,-117.168295,1848.9,55.6,5.943,128,,,,True,-1.4
366,32.933325,-117.16844,1874.1,55.2,6.26,130,,,,True,-1.2
368,32.933253,-117.168555,1887.2,54.8,6.383,130,,,,True,-0.6
369,32.933204,-117.168604,1894.0,54.8,6.443,130,,,,True,1.2
372,32.93308,-117.16873,1913.0,55.2,6.483,130,,,,True,3.9
374,32.933033,-117.168832,1923.8,55.8,5.96,130,,,,True,4.4
377,32.932957,-117.168967,1939.0,56.8,5.2,132,,,,True,4.9
378,32.932932,-117.169009,1943.8,57.0,5.133,132,,,,True,4.2
381,32.932841,-117.169112,1958.0,57.4,4.886,133,,,,True,2.6
383,32.932774,-117.169168,1966.7,57.6,4.58,133,,,,True,2.1
387,32.932648,-117.1693,1985.4,58.0,4.567,135,,,,True,0.9
388,32.932612,-117.169329,1990.4,58.0,4.74,135,,,,True,-1.8
390,32.932535,-117.169378,2000.3,57.8,4.8,136,,,,True,-4.1
394,32.932361,-117.169518,2023.1,56.6,5.45,138,,,,True,-5.0
395,32.932319,-117.169567,2029.7,56.2,5.88,139,,,,True,-5.6
397,32.932238,-117.16966,2042.6,55.4,6.043,139,,,,True,-5.1
399,32.932169,-117.169759,2054.3,54.8,6.24,138,,,,True,-1.0
401,32.932099,-117.169853,2065.9,54.4,6.033,138,,,,True,0.0
409,32.931856,-117.1702,2108.3,55.4,5.4,136,,,,True,0.7
414,32.93172,-117.170427,2134.1,55.4,5.246,136,,,,True,1.9
415,32.931702,-117.170478,2139.4,55.4,5.183,136,,,,True,0.4
421,32.931644,-117.170795,2169.9,56.4,5.114,134,,,,True,0.0
427,32.931606,-117.171114,2199.8,55.8,5.033,136,,,,True,-0.7
429,32.931575,-117.171231,2211.1,55.4,5.15,136,,,,True,-3.3
431,32.931519,-117.171349,2223.7,54.8,5.38,136,,,,True,-5.0
432,32.931483,-117.1714,2230.0,54.4,6.04,136,,,,True,-5.5
433,32.931441,-117.171438,2235.9,54.0,6.017,136,,,,True,-5.4
435,32.931348,-117.171501,2247.5,53.4,6.067,134,,,,True,-4.9
439,32.931174,-117.171667,2272.2,52.2,6.05,131,,,,True,-3.0
440,32.93114,-117.17172,2278.6,52.0,6.22,130,,,,True,-1.4
446,32.930974,-117.172059,2315.3,51.6,6.157,130,,,,True,0.3
449,32.930921,-117.172209,2330.7,52.2,5.789,129,,,,True,1.2
452,32.930872,-117.172357,2345.4,52.4,5.017,129,,,,True,3.3
455,32.930825,-117.172495,2359.2,53.0,4.75,132,,,,True,2.7
456,32.930808,-117.172539,2363.8,53.2,4.729,135,,,,True,3.7
457,32.93079,-117.172583,2368.3,53.2,4.58,144,,,,True,3.4
458,32.930775,-117.172622,2372.6,53.4,4.533,147,,,,True,2.3
459,32.930758,-117.172664,2376.8,53.6,4.486,149,,,,True,3.5
460,32.930738,-117.172706,2381.1,53.6,4.38,154,,,,True,6.8
461,32.930718,-117.172747,2385.3,53.8,4.3,154,,,,True,7.6
464,32.930662,-117.172873,2399.2,55.2,4.48,152,,,,True,3.3
467,32.930626,-117.172991,2410.8,56.2,4.25,153,,,,True,1.6
473,32.930512,-117.173224,2436.3,55.4,4.122,151,,,,True,-1.7
476,32.930437,-117.17334,2449.6,54.8,4.311,148,,,,True,-3.8
478,32.930387,-117.173423,2459.0,54.2,4.54,146,,,,True,-3.8
479,32.930362,-117.173468,2464.0,54.2,4.617,145,,,,True,-3.1
481,32.930325,-117.173553,2473.4,54.0,4.76,144,,,,True,-2.6
483,32.930281,-117.173632,2482.3,53.8,4.66,144,,,,True,-3.1
486,32.930188,-117.173753,2497.5,53.2,4.82,145,,,,True,-3.8
487,32.930156,-117.173805,2503.3,53.0,4.983,144,,,,True,-5.6
489,32.930097,-117.173922,2515.5,52.4,5.533,143,,,,True,-7.3
490,32.930084,-117.173991,2521.8,51.6,5.643,143,,,,True,-4.9
491,32.930084,-117.174051,2527.6,51.0,6.02,143,,,,True,-2.5
493,32.930132,-117.174119,2536.0,51.4,5.45,143,,,,True,5.5
494,32.930159,-117.174142,2539.7,51.8,4.84,143,,,,True,16.3
495,32.93018,-117.174173,2543.6,52.8,4.36,143,,,,True,23.1
497,32.930196,-117.174225,2548.5,54.4,3.483,143,,,,True,24.2
498,32.930197,-117.174248,2550.7,54.8,2.94,143,,,,True,17.3
500,32.930183,-117.174296,2555.4,55.6,2.36,142,,,,True,5.5
503,32.93014,-117.174364,2563.2,56.2,2.5,141,,,,True,3.1
508,32.930081,-117.174503,2577.7,56.0,2.787,145,,,,True,1.2
515,32.929942,-117.174705,2602.1,56.4,3.242,147,,,,True,-1.1
521,32.929825,-117.174873,2622.5,56.4,3.446,147,,,,True,-0.8
528,32.92967,-117.175144,2653.4,55.2,3.946,145,,,,True,-1.2
534,32.929616,-117.175412,2679.1,55.2,4.354,147,,,,True,-1.9
535,32.929611,-117.175457,2683.5,55.4,4.3,150,,,,True,-0.4
538,32.92962,-117.17559,2695.5,55.0,4.21,151,,,,True,-1.3
540,32.929647,-117.175682,2704.4,55.0,4.18,151,,,,True,-1.5
541,32.929672,-117.175722,2708.9,54.8,4.233,151,,,,True,-1.1
544,32.92977,-117.17582,2723.2,54.8,4.617,151,,,,True,-1.1
546,32.929844,-117.175879,2733.1,54.6,4.84,150,,,,True,1.0
548,32.929929,-117.175901,2742.1,54.6,4.743,151,,,,True,-0.4
553,32.930137,-117.175965,2766.1,55.4,4.714,152,,,,True,-1.5
556,32.93019,-117.176105,2779.8,54.6,4.713,152,,,,True,-2.8
557,32.9302,-117.176172,2785.8,53.8,4.856,151,,,,True,-9.1
558,32.930196,-117.176233,2791.5,53.2,5.08,152,,,,True,-4.5
559,32.930183,-117.176287,2796.9,52.6,5.133,152,,,,True,3.3
562,32.930142,-117.176373,2806.2,53.4,4.08,152,,,,True,10.0
564,32.930128,-117.176412,2809.8,54.6,2.58,152,,,,True,18.1
565,32.930136,-117.176434,2811.6,55.2,2.45,153,,,,True,13.2
566,32.930143,-117.17645,2813.5,55.6,2.371,153,,,,True,9.1
567,32.930155,-117.176459,2815.0,56.0,1.76,153,,,,True,0.6
571,32.930262,-117.176508,2827.4,56.2,2.78,152,,,,True,-1.6
575,32.930412,-117.176582,2844.4,55.4,3.675,153,,,,True,-3.8
576,32.930471,-117.176585,2851.0,55.0,4.72,153,,,,True,-7.0
577,32.930511,-117.176548,2856.8,54.4,4.9,153,,,,True,-9.0
578,32.930547,-117.17651,2861.7,53.8,4.9,153,,,,True,-5.7
579,32.930593,-117.176497,2866.6,53.4,4.9,153,,,,True,-1.2
581,32.930669,-117.176536,2875.6,53.6,4.92,153,,,,True,1.1
584,32.930792,-117.176524,2889.3,54.0,4.54,153,,,,True,2.9
586,32.930878,-117.176489,2898.9,54.2,4.66,153,,,,True,3.6
588,32.930941,-117.17655,2908.2,54.6,4.657,152,,,,True,3.5
590,32.930988,-117.176591,2914.6,55.0,4.217,152,,,,True,2.7
591,32.931024,-117.176603,2918.0,55.0,3.82,151,,,,True,1.4
594,32.931108,-117.176536,2928.9,55.0,3.45,150,,,,True,0.8
596,32.931173,-117.176536,2936.0,55.0,3.6,150,,,,True,-1.0
597,32.931193,-117.176563,2939.7,55.2,3.617,150,,,,True,0.5
602,32.931314,-117.17673,2959.8,54.6,3.967,150,,,,True,1.0
605,32.931413,-117.176751,2970.9,55.2,3.9,151,,,,True,2.0
606,32.931452,-117.176737,2975.2,55.4,3.944,150,,,,True,7.3
607,32.931479,-117.176721,2979.0,56.0,3.84,150,,,,True,5.9
610,32.931567,-117.176671,2990.0,56.8,3.82,153,,,,True,3.2
612,32.931642,-117.176641,2998.1,56.8,3.82,153,,,,True,1.4
614,32.931724,-117.176654,3006.8,56.4,3.971,153,,,,True,0.3
620,32.931965,-117.176756,3035.5,56.8,4.675,153,,,,True,2.0
623,32.932072,-117.176795,3047.9,57.0,4.567,153,,,,True,5.8
626,32.932164,-117.176819,3058.3,58.0,3.8,154,,,,True,13.5
628,32.932191,-117.176831,3061.9,59.6,2.8,155,,,,True,13.9
630,32.932216,-117.176849,3065.1,60.8,2.457,156,,,,True,12.5
633,32.932306,-117.176875,3075.2,60.8,2.66,158,,,,True,4.3
638,32.932399,-117.176969,3088.8,61.8,2.963,157,,,,True,-2.8
639,32.932448,-117.177004,3094.2,61.0,3.167,158,,,,True,-5.6
640,32.932489,-117.177054,3100.7,59.8,3.643,158,,,,True,-15.3
641,32.932519,-117.177115,3107.3,59.0,4.013,158,,,,True,-11.7
643,32.932592,-117.177172,3117.6,57.4,5.76,158,,,,True,-3.3
644,32.932622,-117.177196,3121.5,57.8,5.46,158,,,,True,1.8
645,32.932652,-117.177213,3125.3,59.0,4.92,157,,,,True,6.7
649,32.932784,-117.177265,3140.1,59.6,3.72,157,,,,True,6.3
653,32.932928,-117.177266,3156.3,60.0,3.875,154,,,,True,5.3
654,32.93296,-117.177268,3159.9,60.2,3.96,154,,,,True,7.0
658,32.933021,-117.177271,3167.2,61.2,2.18,156,,,,True,7.2
662,32.933104,-117.177319,3177.2,62.2,2.162,156,,,,True,8.1
668,32.933254,-117.17738,3195.4,62.8,2.82,156,,,,True,8.4
670,32.93328,-117.177404,3199.2,63.4,2.75,156,,,,True,8.4
672,32.933303,-117.17743,3203.1,64.2,2.59,155,,,,True,15.7
674,32.933326,-117.177439,3205.7,64.6,1.717,155,,,,True,11.7
677,32.933371,-117.177456,3210.7,65.2,1.52,155,,,,True,9.4
681,32.93343,-117.177477,3218.0,65.6,1.757,153,,,,True,8.8
682,32.933447,-117.177482,3220.1,65.8,1.88,152,,,,True,6.2
684,32.933478,-117.177503,3223.9,66.2,1.886,149,,,,True,6.4
687,32.933507,-117.177561,3230.2,66.4,2.02,148,,,,True,5.2
689,32.933534,-117.177583,3233.7,66.6,1.96,147,,,,True,4.8
690,32.933551,-117.177585,3235.4,66.6,1.917,147,,,,True,4.0
692,32.933595,-117.177597,3240.4,67.0,2.04,147,,,,True,3.0
698,32.933721,-117.17765,3255.3,67.4,2.488,145,,,,True,3.9
700,32.933746,-117.177697,3260.8,67.4,2.55,146,,,,True,3.7
702,32.933773,-117.177745,3266.0,67.8,2.56,146,,,,True,5.1
705,32.933826,-117.177773,3272.9,68.2,2.42,146,,,,True,6.9
707,32.933878,-117.177771,3278.8,68.6,2.56,146,,,,True,10.5
708,32.933897,-117.177772,3281.1,68.8,2.517,145,,,,True,12.3
711,32.933949,-117.177767,3287.0,70.0,2.35,141,,,,True,11.3
713,32.93398,-117.177792,3290.8,70.4,1.94,138,,,,True,8.6
714,32.933998,-117.177799,3293.0,70.2,1.983,135,,,,True,3.1
716,32.934041,-117.1778,3297.4,70.2,2.08,129,,,,True,0.0
717,32.934065,-117.177798,3300.1,70.4,2.183,127,,,,True,0.7
722,32.9342,-117.177792,3314.9,70.4,2.917,124,,,,True,-1.4
724,32.934262,-117.177796,3322.0,70.4,3.129,124,,,,True,-2.2
729,32.93444,-117.177799,3341.8,69.6,3.843,127,,,,True,-2.8
730,32.934482,-117.177799,3346.3,69.4,4.05,127,,,,True,-1.3
731,32.934522,-117.177791,3350.7,69.4,4.1,128,,,,True,0.5
735,32.934684,-117.177798,3369.3,69.8,4.6,128,,,,True,1.0
738,32.934783,-117.177819,3381.0,69.8,4.329,129,,,,True,1.2
739,32.934817,-117.177815,3384.5,69.8,4.225,130,,,,True,2.7
743,32.934967,-117.177842,3401.2,70.0,4.04,130,,,,True,4.1
746,32.935075,-117.177844,3413.1,71.0,4.086,131,,,,True,4.7
749,32.935179,-117.177839,3424.7,71.6,3.917,131,,,,True,5.3
751,32.935239,-117.177828,3431.6,72.0,3.7,132,,,,True,1.3
754,32.935339,-117.17781,3442.8,72.2,3.62,133,,,,True,0.0
758,32.935488,-117.177779,3459.4,71.6,3.971,134,,,,True,-0.7
759,32.935529,-117.177784,3464.1,71.6,4.26,134,,,,True,-1.5
764,32.935714,-117.177728,3485.5,71.6,4.35,135,,,,True,-0.9
766,32.935806,-117.177708,3495.3,71.4,4.457,134,,,,True,-0.4
768,32.935889,-117.177701,3505.1,71.2,4.556,134,,,,True,-1.0
770,32.935967,-117.177664,3514.5,71.4,4.833,134,,,,True,-1.2
772,32.936052,-117.17766,3523.9,71.2,4.767,134,,,,True,-0.6
773,32.936092,-117.177654,3528.4,71.0,4.66,134,,,,True,-1.4
775,32.936177,-117.177627,3537.7,71.0,4.64,134,,,,True,-0.9
776,32.936219,-117.177638,3542.5,71.0,4.667,134,,,,True,0.7
777,32.936257,-117.17766,3547.0,71.0,4.62,134,,,,True,3.0
779,32.936346,-117.177661,3556.8,71.2,4.733,135,,,,True,3.7
782,32.936466,-117.177681,3570.6,72.0,4.72,137,,,,True,5.6
783,32.936502,-117.1777,3575.0,72.2,4.667,137,,,,True,6.5
786,32.936599,-117.17774,3586.5,73.2,4.243,140,,,,True,4.7
787,32.936635,-117.177746,3590.4,73.4,3.96,141,,,,True,4.4
794,32.936871,-117.177789,3617.1,74.2,3.825,140,,,,True,2.8
796,32.936943,-117.177816,3625.0,74.4,3.844,146,,,,True,2.3
797,32.936981,-117.177825,3629.3,74.4,3.89,152,,,,True,1.9
798,32.937021,-117.177815,3633.4,74.4,3.909,156,,,,True,0.6
799,32.93706,-117.177787,3638.7,74.6,4.32,158,,,,True,2.8
803,32.937217,-117.177777,3656.3,74.6,4.58,159,,,,True,3.4
807,32.937305,-117.177898,3671.5,75.6,4.1,159,,,,True,3.9
808,32.937316,-117.17793,3674.8,75.8,3.7,159,,,,True,6.1
813,32.937374,-117.178076,3689.8,76.6,3.05,161,,,,True,6.8
815,32.937394,-117.178136,3695.8,77.0,3.0,160,,,,True,7.1
818,32.937439,-117.1782,3703.9,77.8,2.82,161,,,,True,8.9
819,32.937452,-117.178216,3705.9,78.0,2.683,161,,,,True,9.6
824,32.9375,-117.178342,3718.9,79.2,2.5,162,,,,True,9.5
829,32.937562,-117.178421,3729.1,80.2,2.32,163,,,,True,9.0
830,32.93758,-117.178433,3731.2,80.4,2.05,163,,,,True,9.0
833,32.937629,-117.178439,3737.1,80.8,2.022,162,,,,True,8.4
834,32.937647,-117.178448,3739.0,81.0,1.98,162,,,,True,7.4
836,32.937687,-117.178453,3743.4,81.4,2.033,161,,,,True,10.8
839,32.937746,-117.17845,3750.0,81.8,2.2,162,,,,True,10.8
841,32.93778,-117.178439,3753.8,82.6,2.08,163,,,,True,7.6
845,32.937844,-117.178418,3761.3,83.4,1.883,164,,,,True,8.2
850,32.937946,-117.178408,3772.3,83.6,2.056,165,,,,True,5.5
851,32.937966,-117.178412,3774.3,83.8,2.167,166,,,,True,2.6
855,32.938036,-117.178434,3782.8,84.2,2.1,169,,,,True,3.1
859,32.938117,-117.178459,3791.6,84.2,2.162,170,,,,True,2.5
864,32.938198,-117.178548,3804.5,84.6,2.411,169,,,,True,2.2
865,32.938212,-117.178565,3806.8,84.6,2.533,169,,,,True,2.3
870,32.938294,-117.178645,3818.4,85.0,2.317,168,,,,True,3.2
876,32.938422,-117.178734,3835.0,85.2,2.564,165,,,,True,4.2
879,32.938459,-117.178796,3842.2,85.8,2.644,165,,,,True,5.0
882,32.938503,-117.178853,3849.3,86.4,2.383,164,,,,True,8.1
886,32.938563,-117.178919,3858.8,87.0,2.371,162,,,,True,7.8
888,32.938589,-117.178976,3864.7,87.6,2.567,162,,,,True,8.5
891,32.938627,-117.179053,3872.9,88.2,2.82,162,,,,True,9.4
894,32.938667,-117.179107,3879.8,89.0,2.517,163,,,,True,10.0
896,32.938693,-117.179143,3884.3,89.4,2.28,164,,,,True,11.2
899,32.938705,-117.17921,3890.6,90.2,2.16,165,,,,True,9.2
900,32.938713,-117.179231,3892.6,90.4,2.133,165,,,,True,9.0
905,32.938767,-117.179332,3903.7,91.2,2.183,165,,,,True,7.5
907,32.938794,-117.179374,3908.7,91.6,2.3,167,,,,True,7.5
913,32.93886,-117.179498,3922.5,92.6,2.35,167,,,,True,7.3
914,32.938868,-117.179522,3924.8,92.8,2.3,167,,,,True,7.7
920,32.938882,-117.179674,3939.3,93.8,2.4,167,,,,True,7.9
925,32.938905,-117.179792,3950.5,94.8,2.336,167,,,,True,8.4
926,32.938908,-117.179818,3952.9,95.0,2.267,167,,,,True,8.8
931,32.938902,-117.179919,3962.8,96.0,2.05,168,,,,True,9.9
939,32.938912,-117.18006,3975.6,97.0,1.746,169,,,,True,10.5
944,32.938911,-117.180155,3985.0,98.2,1.708,170,,,,True,11.3
946,32.938905,-117.180186,3987.2,98.6,1.657,170,,,,True,13.0
950,32.938896,-117.180254,3993.0,99.4,1.333,169,,,,True,11.1
951,32.938895,-117.180281,3995.6,99.6,1.68,169,,,,True,9.8
955,32.93889,-117.180372,4004.8,100.4,2.36,171,,,,True,9.0
959,32.938889,-117.180445,4011.6,101.0,2.0,171,,,,True,9.8
961,32.93889,-117.180482,4015.1,101.4,1.717,171,,,,True,9.9
965,32.938877,-117.180554,4022.1,102.2,1.75,171,,,,True,11.1
968,32.938862,-117.180603,4027.0,102.6,1.7,175,,,,True,11.3
969,32.938862,-117.180615,4027.8,102.8,1.588,179,,,,True,11.3
970,32.938853,-117.180626,4029.2,103.0,1.42,183,,,,True,13.3
971,32.93884,-117.180639,4030.8,103.2,1.45,187,,,,True,11.2
972,32.938829,-117.180654,4032.7,103.4,1.514,190,,,,True,10.3
973,32.938819,-117.180667,4034.5,103.6,1.5,190,,,,True,9.8
974,32.938806,-117.180683,4036.4,103.6,1.72,191,,,,True,9.7
976,32.938788,-117.180708,4039.5,104.0,1.74,188,,,,True,9.8
978,32.938763,-117.180733,4043.0,104.4,1.7,185,,,,True,10.7
980,32.938738,-117.180757,4046.7,104.8,1.717,183,,,,True,10.6
983,32.938707,-117.180791,4051.4,105.2,1.68,179,,,,True,9.0
985,32.938689,-117.180819,4054.6,105.6,1.58,176,,,,True,6.2
987,32.938679,-117.180862,4058.5,105.8,1.686,175,,,,True,6.5
989,32.938688,-117.180906,4062.9,105.8,1.917,175,,,,True,7.1
995,32.938764,-117.18096,4072.8,106.6,1.788,172,,,,True,6.2
996,32.938776,-117.18095,4074.3,107.0,1.629,172,,,,True,9.1
1000,32.93883,-117.180912,4081.2,107.2,1.68,171,,,,True,10.8
1004,32.938884,-117.1809,4087.1,108.0,1.6,169,,,,True,10.0
1007,32.938925,-117.180893,4091.3,108.6,1.443,170,,,,True,11.8
1009,32.938953,-117.180901,4094.4,109.0,1.46,169,,,,True,8.4
1012,32.938988,-117.180945,4099.9,109.4,1.72,170,,,,True,7.3
1017,32.939059,-117.181028,4111.0,110.0,2.075,170,,,,True,7.5
1018,32.93907,-117.181046,4113.2,110.2,2.217,170,,,,True,8.3
1021,32.939101,-117.181085,4118.4,110.8,2.056,167,,,,True,11.7
1023,32.939128,-117.181096,4121.7,111.2,1.7,167,,,,True,10.2
1024,32.939139,-117.181104,4123.0,111.4,1.633,168,,,,True,8.1
1029,32.939191,-117.181159,4130.9,112.0,1.533,170,,,,True,7.8
1032,32.939223,-117.181198,4135.6,112.2,1.575,171,,,,True,6.6
1035,32.939254,-117.181252,4142.3,112.8,1.9,171,,,,True,5.9
1041,32.939307,-117.181354,4153.4,113.4,1.978,169,,,,True,5.4
1047,32.93939,-117.181431,4164.7,114.0,1.867,167,,,,True,5.3
1050,32.939428,-117.181495,4172.5,114.2,2.122,167,,,,True,6.9
1052,32.939415,-117.181535,4176.1,114.6,2.28,166,,,,True,5.7
1057,32.939346,-117.181588,4185.3,115.6,1.829,167,,,,True,1.3
1062,32.9393,-117.18173,4199.5,116.0,2.34,166,,,,True,0.0
1067,32.939313,-117.181925,4218.1,114.8,3.28,166,,,,True,-2.8
1069,32.939323,-117.18201,4225.5,114.6,3.714,165,,,,True,-3.6
1072,32.939384,-117.182094,4235.8,114.2,3.54,164,,,,True,0.0
1075,32.939399,-117.182108,4238.7,114.6,2.2,161,,,,True,0.0
1076,32.939399,-117.182108,4238.7,114.8,1.886,161,,,,False,6.7
1080,32.939399,-117.182108,4238.8,114.6,0.02,159,,,,False,-13.3
1086,32.939399,-117.182108,4238.8,114.4,0.01,156,,,,False,6.7
1087,32.939399,-117.182108,4238.8,114.4,0.0,155,,,,False,-26.7
1089,32.939399,-117.182108,4238.8,114.0,0.0,152,,,,False,-26.7
1094,32.939399,-117.182108,4238.8,113.8,0.0,149,,,,False,-26.3
1097,32.939399,-117.182108,4238.8,114.2,0.0,146,,,,False,0.0
1098,32.939399,-117.182108,4238.8,114.4,0.0,143,,,,False,0.0
1102,32.939399,-117.182108,4238.8,113.8,0.0,141,,,,False,0.0
1104,32.939399,-117.182108,4238.8,113.4,0.0,140,,,,False,-7.1
1109,32.939399,-117.182108,4238.8,113.6,0.0,138,,,,False,-11.3
1117,32.939399,-117.182108,4238.8,113.4,0.0,135,,,,False,-9.3
1121,32.939399,-117.182108,4238.8,113.4,0.0,131,,,,False,-7.2
1124,32.939399,-117.182108,4239.6,113.2,0.114,129,,,,False,-8.2
1132,32.939398,-117.182113,4239.9,112.8,0.1,131,,,,False,-6.2
1134,32.939399,-117.182108,4240.7,112.6,0.11,127,,,,True,-5.2
1136,32.939399,-117.182108,4240.7,112.6,0.092,124,,,,False,-4.1
1137,32.939399,-117.182108,4240.7,112.8,0.16,124,,,,False,-1.1
1141,32.939406,-117.182118,4240.8,113.0,0.02,125,,,,False,0.0
1143,32.939408,-117.182159,4245.3,113.0,0.767,124,,,,True,-4.4
1147,32.939407,-117.182296,4258.2,112.6,2.9,124,,,,True,-6.9
1148,32.93939,-117.182353,4263.6,111.8,3.66,123,,,,True,-9.0
1149,32.939393,-117.182413,4269.9,111.0,4.1,123,,,,True,-12.4
1150,32.939395,-117.182478,4276.3,110.2,4.429,123,,,,True,-7.1
1152,32.9394,-117.182611,4288.8,108.8,6.12,123,,,,True,-4.1
1155,32.939442,-117.182797,4305.9,108.8,5.92,124,,,,True,-0.7
1157,32.939456,-117.182936,4318.3,109.0,5.9,125,,,,True,3.1
1159,32.939402,-117.183052,4330.6,109.8,5.971,128,,,,True,6.6
1160,32.939374,-117.183076,4334.6,110.2,5.74,128,,,,True,6.2
1162,32.939304,-117.183099,4342.1,111.2,4.76,128,,,,True,4.1
1166,32.939147,-117.183025,4360.4,111.6,4.3,128,,,,True,3.2
1170,32.938982,-117.182979,4379.3,111.8,4.65,128,,,,True,0.7
1171,32.938938,-117.18298,4384.1,111.8,4.74,127,,,,True,0.5
1175,32.938776,-117.182978,4401.6,111.6,4.46,128,,,,True,0.0
1176,32.938743,-117.182993,4404.7,111.8,4.12,127,,,,True,0.0
1178,32.938728,-117.183073,4412.0,111.8,3.986,129,,,,True,0.9
1179,32.938746,-117.183104,4415.3,111.8,3.9,129,,,,True,0.6
1181,32.938809,-117.183167,4424.6,111.8,3.98,128,,,,True,-1.9
1185,32.938916,-117.183223,4437.5,112.0,3.7,127,,,,True,-3.6
1190,32.939061,-117.183303,4455.0,111.0,3.378,126,,,,True,-6.3
1192,32.939144,-117.183349,4464.8,110.0,3.9,125,,,,True,-9.5
1194,32.939227,-117.183398,4475.0,108.6,4.167,125,,,,True,-9.6
1195,32.939262,-117.183419,4479.6,108.0,4.92,125,,,,True,-10.0
1198,32.939351,-117.183506,4492.4,107.4,4.6,125,,,,True,-9.5
1200,32.939388,-117.183582,4500.8,106.4,4.24,124,,,,True,-10.2
1202,32.939394,-117.183669,4508.7,105.4,4.157,124,,,,True,-12.9
1203,32.939386,-117.183713,4512.9,104.6,4.1,124,,,,True,-12.7
1204,32.939386,-117.183758,4517.3,104.2,4.15,125,,,,True,-14.9
1205,32.93939,-117.183823,4522.9,103.6,4.42,124,,,,True,-12.0
1206,32.93939,-117.183887,4528.8,102.4,4.667,124,,,,True,-13.4
1207,32.939395,-117.183948,4534.6,102.0,5.18,124,,,,True,-12.6
1208,32.939391,-117.183998,4539.7,101.2,5.36,124,,,,True,-10.1
1209,32.939406,-117.184057,4545.2,100.8,5.58,124,,,,True,-8.5
1210,32.939412,-117.184114,4550.5,100.2,5.52,125,,,,True,-4.9
1211,32.93941,-117.184172,4555.9,100.2,5.42,125,,,,True,-2.1
1214,32.939388,-117.18434,4572.2,99.6,5.4,126,,,,True,0.5
1217,32.939387,-117.184463,4583.4,100.0,4.583,127,,,,True,1.0
1219,32.93935,-117.184543,4591.2,100.4,3.8,127,,,,True,4.8
1220,32.939337,-117.184564,4594.5,100.6,3.717,127,,,,True,4.7
1221,32.93934,-117.184596,4597.2,100.8,3.571,127,,,,True,2.3
1223,32.939338,-117.184678,4604.7,101.0,3.55,126,,,,True,-5.6
1224,32.939331,-117.184723,4608.7,100.8,3.5,126,,,,True,-8.3
1227,32.939282,-117.184869,4623.1,99.0,4.317,126,,,,True,-10.8
1228,32.939249,-117.184918,4628.7,98.2,4.8,126,,,,True,-8.4
1229,32.939212,-117.184963,4634.3,97.8,5.12,126,,,,True,-5.1
1231,32.939182,-117.185062,4644.6,97.8,5.129,126,,,,True,-3.7
1232,32.939164,-117.185118,4650.3,97.6,5.44,127,,,,True,-4.5
1233,32.939137,-117.185169,4655.6,97.2,5.38,127,,,,True,-10.6
1234,32.939114,-117.185219,4660.8,96.6,5.3,127,,,,True,-12.0
1236,32.939066,-117.185311,4671.0,95.0,5.28,127,,,,True,-12.8
1237,32.93906,-117.185354,4675.3,94.6,5.0,127,,,,True,-11.7
1239,32.939037,-117.185424,4682.2,93.8,4.28,127,,,,True,-6.7
1240,32.939006,-117.185455,4686.5,93.6,4.283,127,,,,True,-6.5
1244,32.938892,-117.185594,4703.9,92.8,4.34,124,,,,True,-6.4
1246,32.938809,-117.185596,4712.4,92.2,4.317,123,,,,True,-6.9
1247,32.938774,-117.185577,4716.5,91.6,4.286,123,,,,True,-8.8
1250,32.938688,-117.18553,4727.0,90.8,3.85,121,,,,True,-11.8
1251,32.938678,-117.18555,4728.8,90.6,3.28,120,,,,True,-9.5
1255,32.938695,-117.185579,4732.7,89.8,1.14,119,,,,True,-11.3
1257,32.938693,-117.185637,4737.6,89.6,1.467,119,,,,True,-12.0
1258,32.938698,-117.185676,4741.1,89.2,1.757,118,,,,True,-12.0
1259,32.938713,-117.185725,4745.5,88.6,2.087,117,,,,True,-13.8
1260,32.938736,-117.185784,4751.1,87.6,3.68,117,,,,True,-14.4
1261,32.938762,-117.185823,4756.4,87.0,3.95,116,,,,True,-10.6
1262,32.938795,-117.185842,4760.6,86.4,4.6,115,,,,True,-6.3
1264,32.938845,-117.185863,4766.2,86.4,4.14,116,,,,True,-4.4
1265,32.938852,-117.185917,4770.1,86.4,3.8,116,,,,True,-2.2
1266,32.93887,-117.185958,4774.5,86.2,3.62,117,,,,True,-3.7
1267,32.938903,-117.185972,4778.5,86.0,3.58,118,,,,True,-3.5
1268,32.938928,-117.186002,4782.3,85.8,3.617,118,,,,True,-1.3
1270,32.938967,-117.186021,4787.4,85.8,3.46,119,,,,True,4.7
1271,32.938987,-117.186018,4789.7,86.0,3.04,119,,,,True,7.3
1274,32.939027,-117.185975,4795.7,86.8,2.233,120,,,,True,6.7
1276,32.939049,-117.185916,4801.5,87.2,2.36,121,,,,True,6.5
1278,32.939096,-117.185861,4808.2,87.2,2.643,122,,,,True,4.5
1279,32.939127,-117.185861,4811.1,87.4,3.08,122,,,,True,6.0
1280,32.939142,-117.185879,4813.3,87.6,2.933,122,,,,True,9.8
1282,32.93913,-117.185936,4818.2,88.2,2.783,121,,,,True,9.3
1284,32.93911,-117.185996,4824.6,88.8,2.7,120,,,,True,9.3
1286,32.939068,-117.18604,4830.5,89.2,2.867,119,,,,True,8.0
1288,32.939045,-117.186103,4836.9,89.8,3.117,120,,,,True,5.8
1290,32.939043,-117.186171,4843.3,90.2,3.117,118,,,,True,5.6
1294,32.939022,-117.186339,4858.8,90.8,3.65,118,,,,True,6.2
1295,32.939022,-117.186376,4862.4,91.0,3.82,118,,,,True,6.9
1298,32.939028,-117.186481,4872.3,92.0,3.625,121,,,,True,9.9
1301,32.939047,-117.186564,4881.0,92.8,3.1,122,,,,True,12.5
1302,32.939048,-117.186587,4883.1,93.2,2.957,123,,,,True,12.7
1305,32.939066,-117.18666,4889.7,94.4,2.486,125,,,,True,15.0
1307,32.939086,-117.186699,4894.3,94.8,2.24,124,,,,True,14.4
1309,32.939099,-117.186741,4898.3,95.4,2.171,123,,,,True,11.6
1311,32.939116,-117.186785,4902.5,96.0,2.133,119,,,,True,13.2
1313,32.93913,-117.186823,4906.9,96.4,2.1,118,,,,True,8.9
1318,32.939194,-117.186878,4915.5,97.6,1.857,119,,,,True,4.8
1325,32.93931,-117.186954,4929.9,98.2,1.917,120,,,,True,-0.4
1328,32.939399,-117.186917,4940.3,97.8,2.48,121,,,,True,-5.5
1332,32.939561,-117.186902,4957.8,96.2,3.986,122,,,,True,-11.9
1333,32.939603,-117.18689,4962.8,95.0,4.5,122,,,,True,-13.8
1335,32.939677,-117.186851,4971.8,93.2,4.5,123,,,,True,-15.8
1336,32.939711,-117.186823,4976.5,92.8,4.525,123,,,,True,-11.4
1338,32.939784,-117.186766,4985.6,91.8,4.56,122,,,,True,-7.3
1340,32.939869,-117.186706,4996.1,91.2,4.86,122,,,,True,-7.4
1341,32.939918,-117.186673,5002.1,91.0,5.12,122,,,,True,-6.8
1342,32.939973,-117.186636,5008.8,90.4,5.383,122,,,,True,-2.0
1345,32.940087,-117.186522,5026.6,89.0,6.1,122,,,,True,0.3
1350,32.94018,-117.186338,5046.8,90.2,4.75,122,,,,True,1.2
1356,32.940269,-117.18613,5068.6,91.2,3.818,122,,,,True,4.3
1358,32.940289,-117.186063,5075.2,91.2,3.55,121,,,,True,5.4
1360,32.940315,-117.185999,5082.1,91.4,3.53,122,,,,True,8.0
1363,32.94036,-117.185922,5091.0,92.6,3.16,123,,,,True,11.4
1366,32.940405,-117.185859,5098.6,93.6,2.75,125,,,,True,14.3
1370,32.940439,-117.185785,5106.9,94.8,2.271,127,,,,True,14.0
1372,32.94045,-117.185751,5110.0,95.4,1.9,129,,,,True,10.0
1374,32.940463,-117.185713,5113.9,95.8,1.912,130,,,,True,2.6
1378,32.940467,-117.185624,5122.7,96.0,2.117,130,,,,True,1.5
1382,32.940507,-117.185463,5137.7,95.6,2.975,131,,,,True,2.9
1386,32.940487,-117.185328,5150.8,96.0,3.513,131,,,,True,4.8
1388,32.940508,-117.185283,5155.6,97.0,2.983,132,,,,True,10.6
1390,32.940552,-117.185284,5160.2,97.8,2.813,131,,,,True,15.5
1391,32.940566,-117.185298,5162.3,98.2,2.3,131,,,,True,11.8
1395,32.940604,-117.185364,5170.2,99.0,2.0,130,,,,True,9.0
1397,32.940618,-117.185405,5174.2,99.2,1.983,129,,,,True,7.7
1399,32.940648,-117.185437,5178.0,99.4,1.962,127,,,,True,7.1
1401,32.940672,-117.185423,5180.5,99.6,1.717,127,,,,True,6.6
1405,32.940641,-117.185354,5187.2,100.2,1.533,128,,,,True,6.5
1406,32.940637,-117.185333,5189.3,100.2,1.76,128,,,,True,6.7
1410,32.94064,-117.185259,5196.6,100.6,1.88,128,,,,True,3.4
1411,32.940656,-117.18525,5198.5,100.8,1.84,128,,,,True,4.2
1416,32.940751,-117.185198,5210.4,101.0,2.3,126,,,,True,5.5
1419,32.940818,-117.185197,5217.7,101.4,2.4,126,,,,True,7.1
1421,32.940855,-117.185201,5222.0,102.0,2.32,132,,,,True,13.2
1422,32.940873,-117.185204,5223.7,102.6,2.217,133,,,,True,30.0
1423,32.940892,-117.185208,5225.5,103.0,2.157,135,,,,True,22.2
1425,32.940891,-117.185205,5225.7,103.6,1.333,138,,,,False,22.4
1426,32.940891,-117.185205,5225.7,103.8,0.74,141,,,,False,21.8
1427,32.940891,-117.185205,5225.7,104.0,0.4,142,,,,False,25.3
1433,32.940933,-117.185214,5231.2,104.4,0.786,141,,,,True,23.8
1435,32.940951,-117.185216,5233.6,104.6,0.988,141,,,,True,19.6
1437,32.94096,-117.185217,5234.7,105.0,0.9,146,,,,True,15.7
1438,32.940965,-117.185221,5235.0,105.4,0.76,154,,,,True,18.5
1439,32.940973,-117.18522,5235.6,105.4,0.733,160,,,,True,11.8
1440,32.940975,-117.185222,5235.9,105.6,0.46,168,,,,False,10.6
1441,32.940975,-117.185222,5235.9,105.8,0.383,170,,,,False,8.5
1449,32.940994,-117.185222,5237.7,105.6,0.2,168,,,,False,8.0
1455,32.941095,-117.185181,5249.8,106.6,0.993,167,,,,True,7.7
1457,32.941118,-117.185153,5253.4,107.0,1.962,167,,,,True,10.4
1460,32.941123,-117.185092,5259.2,107.6,1.88,168,,,,True,13.9
1462,32.941119,-117.185054,5262.7,108.2,1.86,168,,,,True,13.5
1466,32.941115,-117.184977,5269.9,109.4,1.783,170,,,,True,12.7
1471,32.941131,-117.184898,5277.1,110.2,1.6,172,,,,True,10.8
1474,32.941156,-117.184841,5282.9,110.6,1.625,171,,,,True,4.8
1477,32.941208,-117.184818,5288.6,111.0,1.917,170,,,,True,3.6
1483,32.941334,-117.184836,5303.3,111.0,2.267,169,,,,True,3.5
1489,32.941444,-117.184837,5315.6,111.6,2.25,168,,,,True,3.7
1490,32.941458,-117.184837,5317.1,111.8,1.971,169,,,,True,5.5
1497,32.941596,-117.184824,5331.6,112.6,2.0,170,,,,True,4.9
1499,32.941636,-117.184827,5336.2,112.8,2.122,170,,,,True,4.4
1502,32.941667,-117.184816,5340.0,112.8,1.68,169,,,,True,0.0
1503,32.941665,-117.184825,5340.0,112.8,1.4,164,,,,False,-4.4
1505,32.941663,-117.184827,5340.0,112.8,0.633,160,,,,False,-2.2
1507,32.941665,-117.184824,5340.0,112.6,0.0,159,,,,False,-6.7
1513,32.941666,-117.184829,5340.4,112.4,0.05,156,,,,False,-6.7
1520,32.941666,-117.184829,5340.6,112.2,0.046,154,,,,False,-6.7
1524,32.941666,-117.184829,5340.6,112.4,0.018,151,,,,False,-8.9
1526,32.941666,-117.184829,5340.6,112.4,0.0,148,,,,False,-7.1
1532,32.941666,-117.184829,5340.6,112.2,0.0,144,,,,False,-9.4
1535,32.941666,-117.184829,5340.6,112.0,0.0,140,,,,False,0.8
1538,32.941666,-117.184829,5340.6,112.0,0.0,137,,,,False,0.0
1539,32.941666,-117.184829,5340.6,112.0,0.0,137,,,,False,-26.1
1545,32.941666,-117.184829,5340.6,112.0,0.0,134,,,,False,2.6
1548,32.941666,-117.184829,5340.6,112.0,0.0,131,,,,False,3.4
1551,32.941666,-117.184829,5340.6,111.8,0.0,128,,,,False,4.3
1552,32.941666,-117.184829,5340.6,111.8,0.0,126,,,,False,4.3
1556,32.941664,-117.184802,5342.9,111.8,0.46,124,,,,True,5.2
1558,32.94164,-117.18477,5346.8,111.8,1.033,124,,,,True,6.2
1565,32.941549,-117.184632,5363.9,113.0,2.333,123,,,,True,6.7
1569,32.941499,-117.18455,5373.1,113.8,2.391,120,,,,True,7.0
1570,32.94149,-117.184526,5375.5,114.0,2.32,120,,,,True,6.6
1575,32.941438,-117.184422,5386.9,114.6,2.3,118,,,,True,4.7
1577,32.941419,-117.184377,5391.3,114.8,2.257,121,,,,True,4.7
1578,32.941406,-117.184351,5394.2,114.8,2.337,127,,,,True,3.8
1579,32.941398,-117.184324,5396.8,115.0,2.367,133,,,,True,3.4
1581,32.941374,-117.184267,5402.8,115.2,2.65,137,,,,True,5.3
1583,32.941349,-117.18421,5408.9,115.4,2.94,137,,,,True,5.0
1586,32.941323,-117.184133,5416.8,116.0,2.8,138,,,,True,4.4
1591,32.941286,-117.184013,5428.9,116.6,2.5,140,,,,True,4.5
1597,32.941273,-117.183854,5443.8,117.0,2.455,140,,,,True,4.3
1599,32.941273,-117.183798,5449.0,117.2,2.513,140,,,,True,4.0
1603,32.941273,-117.183692,5458.7,117.8,2.483,143,,,,True,4.8
1605,32.941272,-117.183638,5464.0,118.0,2.5,144,,,,True,4.5
1607,32.941271,-117.183586,5469.0,118.2,2.5,143,,,,True,4.2
1615,32.941271,-117.183369,5489.1,119.0,2.51,145,,,,True,3.9
1616,32.941273,-117.183339,5491.7,119.2,2.522,145,,,,True,3.0
1623,32.941271,-117.183153,5509.6,119.8,2.563,144,,,,True,2.9
1630,32.941278,-117.18295,5528.6,120.0,2.636,144,,,,True,2.1
1631,32.941278,-117.182922,5531.1,120.2,2.688,144,,,,True,2.0
1637,32.941293,-117.182726,5549.1,120.4,2.929,141,,,,True,2.1
1642,32.94129,-117.182605,5560.8,120.8,2.7,140,,,,True,0.3
1645,32.941221,-117.182598,5567.4,120.8,2.287,139,,,,True,-0.8
1651,32.941021,-117.182581,5589.3,120.4,3.167,141,,,,True,-1.7
1659,32.94074,-117.182556,5621.1,119.8,3.836,140,,,,True,-1.9
1667,32.940438,-117.182567,5654.3,119.2,4.063,138,,,,True,-2.0
1669,32.94036,-117.182558,5663.0,119.0,4.19,138,,,,True,-2.2
1673,32.940203,-117.182544,5680.6,118.6,4.383,138,,,,True,-2.2
1678,32.939989,-117.182534,5704.1,118.0,4.567,135,,,,True,-2.3
1679,32.939944,-117.182535,5709.1,118.0,4.75,134,,,,True,-1.6
1680,32.939898,-117.182539,5714.1,117.8,4.786,134,,,,True,-0.5
1683,32.939753,-117.18254,5729.8,117.8,5.14,133,,,,True,0.0
1685,32.939669,-117.182492,5740.5,117.8,5.28,133,,,,True,-0.4
1687,32.939616,-117.182411,5749.9,118.0,5.114,133,,,,True,-1.6
1689,32.939575,-117.182304,5761.1,117.6,5.217,133,,,,True,-3.1
1690,32.939548,-117.182251,5766.8,117.2,5.26,132,,,,True,-6.7
1691,32.939509,-117.182204,5772.6,116.8,5.35,132,,,,True,-9.1
1692,32.939444,-117.182172,5779.6,116.0,5.94,132,,,,True,-8.5
1693,32.939376,-117.182131,5787.5,115.2,6.267,132,,,,True,-8.9
1694,32.93933,-117.18207,5795.1,114.8,6.8,132,,,,True,-6.4
1695,32.939309,-117.182004,5801.7,114.2,6.98,132,,,,True,0.6
1696,32.939294,-117.181944,5807.6,114.2,7.0,132,,,,True,3.2
1699,32.939268,-117.181783,5822.8,115.4,5.54,131,,,,True,4.8
1703,32.939316,-117.181622,5839.4,116.2,4.543,128,,,,True,4.6
1704,32.939341,-117.181594,5843.0,116.2,4.04,126,,,,True,1.4
1705,32.939379,-117.181574,5846.9,116.0,4.017,123,,,,True,-5.2
1706,32.939412,-117.181542,5850.9,115.8,4.014,122,,,,True,-8.3
1707,32.939416,-117.181501,5854.7,115.4,3.987,121,,,,True,-9.5
1708,32.9394,-117.181468,5857.5,115.0,3.62,121,,,,True,-9.2
1710,32.939343,-117.181408,5865.8,114.2,3.78,120,,,,True,-7.6
1711,32.939316,-117.181368,5870.4,114.0,3.9,120,,,,True,-7.4
1712,32.939287,-117.181321,5875.7,113.8,4.2,120,,,,True,-5.9
1714,32.939224,-117.181227,5887.1,112.8,4.933,120,,,,True,-7.0
1715,32.939186,-117.181186,5892.9,112.6,5.42,120,,,,True,-7.9
1717,32.939108,-117.181098,5904.7,111.6,5.8,120,,,,True,-7.3
1718,32.939075,-117.181043,5911.0,111.0,5.883,120,,,,True,-8.6
1719,32.939041,-117.180989,5917.2,110.6,6.02,120,,,,True,-9.3
1720,32.939009,-117.180932,5923.3,110.0,6.08,119,,,,True,-8.6
1721,32.938973,-117.180905,5928.3,109.4,5.9,119,,,,True,-9.5
1723,32.938886,-117.180897,5936.7,108.8,5.14,120,,,,True,-9.8
1724,32.938834,-117.180919,5942.5,108.2,5.06,123,,,,True,-9.8
1725,32.938787,-117.180946,5947.8,107.6,4.9,125,,,,True,-11.7
1726,32.938738,-117.180959,5952.7,107.0,4.88,126,,,,True,-10.3
1727,32.938691,-117.180942,5957.3,106.4,4.833,126,,,,True,-7.7
1728,32.938673,-117.180889,5961.9,106.2,5.04,127,,,,True,-6.1
1730,32.938692,-117.180792,5971.3,105.8,4.7,127,,,,True,-4.1
1731,32.938731,-117.180766,5975.7,105.6,4.6,127,,,,True,-6.3
1733,32.938805,-117.180693,5986.5,105.2,4.92,127,,,,True,-7.8
1735,32.938859,-117.180596,5996.9,104.0,5.12,126,,,,True,-9.3
1736,32.938874,-117.180539,6002.2,103.4,5.3,124,,,,True,-11.6
1737,32.938871,-117.180478,6007.9,102.6,5.367,123,,,,True,-11.8
1738,32.938869,-117.180412,6014.2,102.0,5.54,120,,,,True,-11.3
1739,32.938871,-117.180345,6020.6,101.2,5.683,116,,,,True,-9.5
1740,32.938888,-117.180277,6027.0,100.6,6.02,113,,,,True,-10.9
1741,32.938901,-117.180213,6033.1,100.2,6.18,109,,,,True,-10.5
1742,32.938912,-117.180141,6039.8,99.2,6.38,109,,,,True,-11.2
1744,32.938909,-117.179997,6053.1,97.8,6.5,109,,,,True,-11.6
1746,32.938905,-117.179858,6066.4,96.2,6.66,108,,,,True,-10.4
1748,32.938892,-117.179713,6079.7,94.8,6.65,108,,,,True,-9.7
1750,32.938867,-117.179568,6093.9,93.6,6.8,108,,,,True,-8.0
1751,32.93885,-117.179502,6100.4,93.2,6.8,108,,,,True,-6.6
1752,32.938825,-117.179445,6106.5,93.0,6.683,108,,,,True,-5.7
1753,32.938791,-117.17939,6112.8,92.6,6.62,107,,,,True,-5.7
1755,32.938725,-117.17928,6125.5,91.8,6.32,107,,,,True,-7.2
1756,32.938704,-117.179215,6131.8,91.4,6.28,107,,,,True,-8.2
1758,32.938645,-117.179086,6145.6,90.2,6.56,108,,,,True,-8.5
1759,32.93861,-117.179029,6152.0,89.4,6.533,110,,,,True,-9.7
1760,32.93858,-117.17897,6158.5,89.0,6.6,110,,,,True,-9.6
1761,32.938544,-117.178918,6164.8,88.2,6.6,111,,,,True,-9.2
1762,32.938506,-117.178875,6170.6,87.8,6.467,112,,,,True,-9.7
1764,32.938438,-117.178775,6182.6,86.6,6.12,112,,,,True,-8.7
1766,32.938358,-117.178702,6193.6,85.6,5.76,111,,,,True,-8.8
1767,32.938311,-117.178682,6199.1,85.2,5.7,111,,,,True,-5.4
1768,32.938267,-117.178653,6204.6,84.8,5.667,110,,,,True,-2.9
1770,32.938204,-117.178563,6215.7,84.8,5.517,110,,,,True,-1.4
1771,32.938172,-117.178514,6221.3,84.8,5.54,110,,,,True,-1.2
1772,32.938127,-117.178481,6226.9,84.8,5.56,110,,,,True,-2.2
1774,32.938037,-117.178452,6237.3,84.4,5.45,110,,,,True,-3.0
1775,32.937993,-117.178426,6242.8,84.2,5.42,110,,,,True,-3.8
1776,32.937948,-117.178405,6248.0,84.0,5.34,110,,,,True,-3.8
1777,32.9379,-117.178401,6253.2,83.8,5.26,110,,,,True,-3.9
1778,32.937855,-117.178415,6258.2,83.6,5.217,110,,,,True,-3.9
1779,32.937815,-117.178435,6263.1,83.4,5.16,110,,,,True,-7.0
1782,32.93767,-117.178458,6278.4,82.8,5.04,110,,,,True,-8.9
1784,32.937561,-117.178438,6290.4,81.2,5.46,109,,,,True,-8.2
1785,32.937515,-117.178408,6296.2,80.2,5.517,108,,,,True,-10.4
1786,32.937488,-117.178357,6301.9,80.2,5.543,108,,,,True,-7.7
1787,32.937477,-117.178299,6307.2,79.8,5.76,108,,,,True,-7.4
1789,32.937428,-117.178188,6318.9,79.0,5.7,107,,,,True,-8.8
1791,32.937368,-117.178075,6331.4,77.6,5.9,106,,,,True,-8.5
1793,32.937317,-117.177938,6345.0,76.4,6.3,105,,,,True,-9.1
1795,32.937247,-117.177811,6358.7,75.4,6.633,105,,,,True,-7.6
1797,32.937133,-117.17776,6371.7,74.2,6.717,104,,,,True,-4.9
1800,32.936978,-117.177812,6389.2,73.2,6.1,102,,,,True,-3.4
1803,32.936831,-117.177786,6405.7,73.4,5.667,102,,,,True,-1.3
1804,32.936778,-117.177781,6411.5,73.6,5.686,102,,,,True,-0.4
1808,32.936569,-117.177755,6434.6,73.4,5.78,103,,,,True,-2.0
1809,32.936524,-117.177737,6440.2,73.0,5.74,103,,,,True,-3.5
1810,32.936478,-117.177707,6446.0,72.6,5.75,104,,,,True,-6.7
1812,32.936384,-117.177682,6456.7,72.0,5.65,104,,,,True,-6.1
1814,32.93628,-117.177673,6467.6,71.2,5.48,105,,,,True,-5.5
1815,32.936235,-117.177644,6473.2,71.0,5.44,106,,,,True,-5.1
1816,32.936185,-117.177633,6478.9,70.8,5.483,106,,,,True,-2.3
1817,32.93614,-117.177646,6484.1,70.6,5.48,106,,,,True,-1.4
1819,32.936054,-117.17765,6493.7,70.6,5.22,107,,,,True,0.6
1821,32.93598,-117.177674,6502.5,70.6,4.72,109,,,,True,1.2
1823,32.93589,-117.177696,6512.5,71.0,4.733,114,,,,True,1.4
1824,32.935841,-117.177698,6517.8,71.0,4.82,118,,,,True,1.5
1825,32.935792,-117.177705,6523.2,71.0,4.917,118,,,,True,0.0
1826,32.935746,-117.177729,6528.8,71.0,5.26,118,,,,True,0.0
1828,32.935651,-117.177768,6539.9,71.0,5.48,118,,,,True,0.0
1829,32.935605,-117.177779,6545.2,71.0,5.48,118,,,,True,0.0
1830,32.935554,-117.177784,6550.7,71.0,5.5,118,,,,True,0.0
1832,32.935459,-117.177805,6561.5,71.0,5.45,118,,,,True,-0.5
1834,32.935357,-117.177817,6572.6,71.0,5.48,117,,,,True,0.0
1837,32.935222,-117.177833,6588.3,70.8,5.36,121,,,,True,-0.6
1838,32.935179,-117.177833,6592.9,71.0,5.233,123,,,,True,-1.9
1839,32.935136,-117.177836,6597.7,70.8,5.02,125,,,,True,-3.2
1842,32.934984,-117.177835,6614.0,70.2,5.14,125,,,,True,-5.0
1843,32.934936,-117.177837,6619.5,69.8,5.32,125,,,,True,-4.9
1844,32.934882,-117.177833,6625.0,69.4,5.46,125,,,,True,-4.8
1846,32.934804,-117.177822,6634.3,69.0,5.229,124,,,,True,-2.5
1847,32.934763,-117.177829,6638.8,69.0,4.96,125,,,,True,-1.5
1848,32.934725,-117.177816,6643.1,69.2,4.72,125,,,,True,-0.6
1850,32.934647,-117.177777,6652.3,69.0,4.55,124,,,,True,-1.2
1853,32.934512,-117.177805,6667.2,68.8,4.82,125,,,,True,-1.2
1854,32.93446,-117.177805,6672.8,68.6,4.95,125,,,,True,0.3
1858,32.934269,-117.177805,6694.4,68.6,5.44,125,,,,True,0.3
1864,32.934027,-117.177816,6721.5,69.2,4.87,125,,,,True,0.3
1867,32.933941,-117.177797,6731.3,69.0,4.1,128,,,,True,-0.4
1868,32.933908,-117.177789,6735.0,68.8,4.06,131,,,,True,-6.1
1869,32.933867,-117.177793,6739.0,68.4,3.5,134,,,,True,-9.7
1871,32.933798,-117.177756,6747.6,67.6,3.729,136,,,,True,-9.3
1872,32.933778,-117.177716,6752.0,67.0,4.14,136,,,,True,-7.3
1874,32.933718,-117.177659,6760.7,66.4,4.34,136,,,,True,-5.6
1876,32.933645,-117.177623,6769.2,66.2,4.32,137,,,,True,-4.5
1879,32.93353,-117.177563,6783.1,65.6,4.48,137,,,,True,-4.4
1880,32.933509,-117.177519,6787.8,65.4,4.517,138,,,,True,-5.0
1881,32.933476,-117.177491,6792.4,65.0,4.64,138,,,,True,-6.5
1882,32.933432,-117.177493,6797.0,64.8,4.633,138,,,,True,-7.6
1883,32.933393,-117.177478,6801.7,64.4,4.643,138,,,,True,-9.0
1885,32.933311,-117.177436,6811.6,63.6,4.76,138,,,,True,-11.1
1887,32.933253,-117.17736,6821.3,62.4,4.86,138,,,,True,-11.6
1888,32.933218,-117.17733,6825.7,61.6,4.8,138,,,,True,-13.1
1889,32.933169,-117.177325,6830.9,61.0,4.867,137,,,,True,-10.8
1890,32.933121,-117.177326,6836.1,60.4,4.9,136,,,,True,-8.3
1892,32.933049,-117.177277,6845.4,59.8,4.82,134,,,,True,-7.7
1893,32.933008,-117.177274,6849.7,59.6,4.8,133,,,,True,-7.6
1896,32.932868,-117.177276,6864.5,58.4,4.733,132,,,,True,-7.7
1897,32.932812,-117.177276,6870.5,57.8,5.02,131,,,,True,-5.4
1898,32.932759,-117.17726,6876.7,57.4,5.4,131,,,,True,-3.3
1901,32.932619,-117.1772,6894.0,57.2,5.9,130,,,,True,-2.4
1903,32.932526,-117.177119,6906.3,57.0,5.92,128,,,,True,-1.3
1904,32.932492,-117.177071,6912.2,56.8,5.917,128,,,,True,2.3
1906,32.932418,-117.176994,6922.8,56.8,5.76,125,,,,True,7.3
1908,32.932373,-117.176964,6929.5,58.0,4.64,123,,,,True,13.5
1909,32.932364,-117.176956,6930.8,58.8,3.72,121,,,,True,21.0
1911,32.932328,-117.176916,6935.9,60.0,2.62,119,,,,True,10.7
1912,32.932308,-117.176898,6939.0,60.2,2.7,118,,,,True,3.1
1914,32.932234,-117.176879,6946.4,59.8,3.12,117,,,,True,-6.3
1915,32.932209,-117.176861,6950.3,59.4,3.25,117,,,,True,-9.6
1917,32.93214,-117.176828,6958.1,58.6,3.82,116,,,,True,-12.5
1919,32.932034,-117.176796,6970.3,57.2,4.78,116,,,,True,-12.4
1920,32.931976,-117.176776,6976.9,56.0,5.32,115,,,,True,-9.1
1922,32.931877,-117.176726,6989.0,54.6,6.18,115,,,,True,-5.5
1924,32.931785,-117.17668,7000.0,54.8,5.94,115,,,,True,-2.4
1926,32.931699,-117.176648,7010.1,55.0,5.533,115,,,,True,0.6
1928,32.931625,-117.176665,7018.8,55.0,4.967,115,,,,True,-1.7
1929,32.931588,-117.176687,7023.1,54.8,4.62,114,,,,True,-3.3
1934,32.931365,-117.176758,7047.6,54.0,4.8,114,,,,True,-3.6
1936,32.931291,-117.176695,7058.1,53.4,5.0,114,,,,True,-2.8
1937,32.931263,-117.176659,7062.8,53.4,4.962,114,,,,True,-2.8
1941,32.931145,-117.176532,7080.4,53.2,4.46,113,,,,True,-0.7
1942,32.931116,-117.176546,7083.6,53.0,4.16,113,,,,True,-0.6
1943,32.93109,-117.176575,7086.9,53.2,4.017,113,,,,True,-0.7
1945,32.931003,-117.176598,7095.8,53.2,4.125,112,,,,True,0.0
1948,32.930917,-117.176519,7108.5,53.0,4.32,112,,,,True,-0.6
1949,32.930886,-117.176508,7111.6,53.0,4.117,112,,,,True,-2.6
1951,32.930812,-117.176551,7120.0,53.0,4.033,112,,,,True,-3.3
1954,32.930691,-117.176563,7133.7,52.2,4.42,112,,,,True,-2.8
1955,32.930656,-117.176527,7138.5,52.0,4.483,111,,,,True,-4.0
1957,32.930582,-117.176519,7146.9,52.0,4.483,110,,,,True,0.0
1958,32.930557,-117.176542,7150.0,51.8,4.286,110,,,,True,3.2
1962,32.930414,-117.176591,7166.1,52.2,3.84,109,,,,True,4.7
1966,32.930281,-117.176528,7182.8,53.4,4.1,108,,,,True,4.2
1969,32.930188,-117.17649,7193.8,54.2,3.957,111,,,,True,3.6
1972,32.930119,-117.176441,7202.6,54.0,3.3,114,,,,True,0.0
1974,32.930129,-117.176358,7210.1,53.8,3.26,115,,,,True,-5.8
1975,32.930158,-117.176306,7215.4,53.4,3.6,116,,,,True,-9.8
1976,32.930176,-117.176239,7221.4,52.6,3.943,115,,,,True,-13.3
1977,32.930174,-117.176175,7227.2,51.6,4.92,115,,,,True,-12.7
1978,32.930159,-117.176116,7232.7,50.8,5.017,115,,,,True,-4.5
1979,32.93015,-117.17607,7237.4,50.6,5.46,115,,,,True,7.9
1981,32.930138,-117.176011,7243.7,51.6,4.46,114,,,,True,16.9
1983,32.930128,-117.17597,7247.4,53.2,2.94,114,,,,True,21.3
1984,32.930116,-117.175954,7249.3,53.6,2.38,114,,,,True,7.7
1985,32.930095,-117.175943,7251.5,53.6,2.35,113,,,,True,-1.8
1989,32.929955,-117.175921,7267.0,53.4,3.54,113,,,,True,-1.9
1992,32.929827,-117.175878,7281.4,52.6,4.271,114,,,,True,-1.3
1994,32.929749,-117.175816,7291.9,52.8,4.98,117,,,,True,0.4
1995,32.929715,-117.175784,7296.8,53.0,4.967,118,,,,True,2.4
1999,32.929621,-117.17564,7314.2,53.6,4.46,119,,,,True,2.5
2001,32.9296,-117.175549,7322.7,53.6,4.317,120,,,,True,2.5
2003,32.929598,-117.175451,7332.0,53.8,4.4,121,,,,True,1.1
2004,32.929602,-117.175402,7336.6,54.0,4.48,121,,,,True,0.9
2007,32.929623,-117.175255,7350.5,54.0,4.633,122,,,,True,0.7
2011,32.929695,-117.175068,7369.6,54.0,4.714,124,,,,True,1.6
2015,32.929792,-117.174914,7387.9,54.2,4.675,125,,,,True,0.5
2018,32.929859,-117.174822,7399.3,55.0,4.243,125,,,,True,0.0
2024,32.929997,-117.174611,7424.1,54.4,4.022,125,,,,True,-0.8
2030,32.930126,-117.174392,7449.3,54.0,4.167,126,,,,True,-2.0
2034,32.930196,-117.174232,7466.1,53.6,4.2,127,,,,True,-2.8
2035,32.930181,-117.174184,7470.5,53.6,4.24,129,,,,True,-4.0
2036,32.930145,-117.174155,7474.9,53.0,4.267,132,,,,True,-10.9
2037,32.930101,-117.174128,7479.4,52.8,4.3,136,,,,True,-12.9
2038,32.930077,-117.174078,7484.5,51.6,4.4,136,,,,True,-11.4
2040,32.930069,-117.17398,7493.8,50.6,4.66,137,,,,True,-5.3
2041,32.930088,-117.173943,7497.7,50.4,4.56,137,,,,True,-1.0
2045,32.930179,-117.173762,7517.0,50.8,4.64,137,,,,True,2.4
2047,32.930221,-117.173674,7526.5,51.2,4.8,137,,,,True,3.2
2049,32.930264,-117.173587,7536.0,51.6,4.788,137,,,,True,4.0
2053,32.930349,-117.173425,7554.0,52.2,4.583,140,,,,True,3.6
2055,32.930383,-117.173349,7562.1,52.6,4.35,142,,,,True,3.6
2057,32.930441,-117.173287,7570.5,52.8,4.313,146,,,,True,3.3
2058,32.930473,-117.173256,7575.1,53.0,4.22,149,,,,True,2.2
2060,32.930529,-117.173185,7584.3,53.2,4.44,153,,,,True,1.6
2063,32.930588,-117.173058,7598.1,53.4,4.6,156,,,,True,0.5
2065,32.930608,-117.172959,7607.6,53.4,4.66,156,,,,True,-0.8
2067,32.930637,-117.172854,7617.9,53.2,4.8,156,,,,True,-2.8
2070,32.930703,-117.172698,7633.9,52.8,5.26,155,,,,True,-3.3
2075,32.930808,-117.172425,7662.1,51.6,5.525,156,,,,True,-3.6
2076,32.930833,-117.172368,7667.9,51.4,5.667,156,,,,True,-3.7
2077,32.930855,-117.172309,7674.0,51.2,5.729,156,,,,True,-3.1
2080,32.930925,-117.172127,7692.8,50.6,6.14,154,,,,True,-2.5
2084,32.931025,-117.171869,7719.3,49.8,6.471,151,,,,True,-1.3
2086,32.931096,-117.171757,7732.5,49.8,6.617,151,,,,True,1.2
2089,32.931217,-117.171616,7751.1,50.2,6.36,151,,,,True,3.6
2094,32.931403,-117.171455,7776.8,51.6,5.538,152,,,,True,4.3
2099,32.931533,-117.171289,7798.1,52.6,4.7,153,,,,True,4.6
2100,32.93155,-117.171252,7802.2,52.8,4.233,154,,,,True,4.0
2105,32.931582,-117.171055,7820.7,53.4,3.767,157,,,,True,3.1
2108,32.931597,-117.170936,7832.0,53.8,3.725,159,,,,True,1.5
2111,32.931611,-117.170826,7842.6,54.0,3.65,160,,,,True,0.6
2117,32.931655,-117.170559,7867.8,53.8,3.978,160,,,,True,0.0
2122,32.931749,-117.170325,7892.1,53.8,4.5,157,,,,True,-0.7
2123,32.931776,-117.170283,7897.1,53.8,4.883,157,,,,True,-0.7
2129,32.931955,-117.170017,7928.9,53.4,5.257,155,,,,True,-1.1
2134,32.932116,-117.169801,7955.9,53.2,5.345,152,,,,True,0.0
2136,32.932187,-117.16971,7967.5,53.0,5.514,152,,,,True,1.6
2143,32.932418,-117.169444,8003.6,53.8,5.3,152,,,,True,2.4
2149,32.93261,-117.169314,8028.0,55.0,4.654,154,,,,True,2.7
2150,32.932637,-117.169284,8032.1,55.0,4.071,154,,,,True,2.1
2155,32.932789,-117.169125,8054.9,55.4,4.483,155,,,,True,0.0
2158,32.932895,-117.169031,8069.2,55.2,4.637,156,,,,True,-1.2
2160,32.93296,-117.168945,8080.0,55.0,5.02,155,,,,True,-3.2
2163,32.933047,-117.168782,8097.9,54.2,5.74,155,,,,True,-4.2
2164,32.93308,-117.168718,8104.6,53.8,5.9,155,,,,True,-4.5
2165,32.933124,-117.168665,8111.8,53.4,6.36,155,,,,True,-4.3
2167,32.93321,-117.168577,8124.4,53.0,6.343,153,,,,True,-1.5
2168,32.933244,-117.16853,8130.2,52.8,6.46,151,,,,True,0.0
2171,32.933345,-117.168414,8145.9,53.2,5.683,150,,,,True,1.6
2172,32.933386,-117.168384,8151.1,53.4,5.34,150,,,,True,2.4
2177,32.933582,-117.168257,8175.6,53.8,4.95,149,,,,True,3.0
2178,32.933609,-117.168216,8180.5,54.0,4.9,148,,,,True,2.9
2179,32.933631,-117.168171,8185.5,54.4,4.914,148,,,,True,3.7
2182,32.933684,-117.168039,8199.1,54.8,4.7,148,,,,True,2.0
2184,32.93373,-117.167952,8208.3,55.0,4.56,149,,,,True,1.1
2189,32.933864,-117.167783,8230.0,55.0,4.414,146,,,,True,0.4
2191,32.933939,-117.167713,8240.3,55.0,4.571,144,,,,True,0.0
2193,32.934009,-117.167633,8251.3,55.0,4.778,144,,,,True,0.0
2194,32.934035,-117.167585,8256.5,55.0,5.3,144,,,,True,-0.3
2198,32.934127,-117.167391,8277.6,55.0,5.26,144,,,,True,-0.7
2203,32.934253,-117.167147,8304.5,54.8,5.333,143,,,,True,-1.4
2204,32.934287,-117.167109,8309.7,54.6,5.35,144,,,,True,-1.3
2207,32.934376,-117.166973,8326.1,54.0,5.389,144,,,,True,-0.8
2209,32.934419,-117.166859,8337.2,54.2,5.5,145,,,,True,-0.3
2212,32.934489,-117.166679,8355.9,54.4,5.96,145,,,,True,0.3
2214,32.9345,-117.166554,8367.8,54.4,6.12,146,,,,True,0.2
2219,32.934549,-117.166271,8394.6,54.2,5.529,144,,,,True,0.3
2223,32.934587,-117.16602,8418.5,54.4,5.633,144,,,,True,1.4
2224,32.934609,-117.165967,8424.2,54.6,5.92,144,,,,True,1.7
2230,32.934687,-117.165651,8455.2,55.6,5.243,145,,,,True,1.6
2236,32.934795,-117.165311,8489.0,55.8,5.4,148,,,,True,1.3
2237,32.934815,-117.165255,8494.6,55.6,5.629,148,,,,True,0.3
2238,32.934829,-117.165198,8500.1,55.6,5.612,148,,,,True,0.5
2242,32.93488,-117.164962,8522.9,55.8,5.66,148,,,,True,2.2
2243,32.934887,-117.164903,8528.4,56.0,5.66,148,,,,True,2.4
2247,32.934947,-117.164699,8548.7,56.8,5.16,147,,,,True,3.3
2249,32.934979,-117.164611,8558.2,57.0,4.967,147,,,,True,2.6
2252,32.935036,-117.164472,8572.0,57.4,4.66,147,,,,True,0.9
2257,32.935111,-117.164213,8597.8,57.8,4.95,147,,,,True,0.0
2265,32.935212,-117.163776,8640.4,57.6,5.262,149,,,,True,-0.7
2268,32.935251,-117.163604,8657.1,57.0,5.391,152,,,,True,-1.0
2272,32.935325,-117.163381,8679.3,56.6,5.557,151,,,,True,-0.6
2278,32.935405,-117.163028,8713.2,56.6,5.61,151,,,,True,0.6
2284,32.935487,-117.162706,8744.8,57.0,5.458,151,,,,True,1.1
2292,32.935609,-117.162316,8784.1,57.8,5.064,150,,,,True,0.8
2293,32.935629,-117.162274,8788.7,57.8,4.878,150,,,,True,0.5
2299,32.935728,-117.161977,8818.5,57.4,4.914,150,,,,True,-0.8
2300,32.93575,-117.161931,8823.5,57.4,4.971,149,,,,True,-0.8
2302,32.935811,-117.161854,8833.1,57.4,4.933,148,,,,True,0.0
2303,32.935846,-117.161821,8837.8,57.4,4.91,148,,,,True,-0.5
2304,32.935886,-117.161791,8843.2,57.4,4.94,148,,,,True,-0.6
2308,32.936056,-117.161691,8863.8,57.2,5.2,148,,,,True,0.0
2309,32.936092,-117.16166,8868.8,57.2,5.12,148,,,,True,0.0
2312,32.936151,-117.161552,8881.0,57.4,4.725,147,,,,True,0.5
2315,32.936162,-117.161398,8895.0,57.4,4.367,146,,,,True,0.5
2316,32.936177,-117.161343,8900.5,57.4,4.529,146,,,,True,0.6
2317,32.936196,-117.161289,8905.7,57.4,4.94,146,,,,True,1.5
2319,32.936199,-117.161178,8916.5,57.6,5.071,146,,,,True,3.1
2320,32.936202,-117.161124,8921.5,57.8,5.3,146,,,,True,3.5
2321,32.936207,-117.161072,8926.4,58.2,5.18,146,,,,True,3.4
2324,32.936189,-117.16093,8939.9,58.6,4.68,146,,,,True,2.1
2328,32.936182,-117.160736,8958.0,59.0,4.514,146,,,,True,0.7
2330,32.936164,-117.16062,8969.0,58.8,4.85,146,,,,True,-0.6
2332,32.936204,-117.160505,8980.7,58.6,5.1,149,,,,True,-1.2
2336,32.936303,-117.160288,9004.0,58.2,5.833,151,,,,True,-1.1
2337,32.936304,-117.16023,9009.5,58.4,5.76,152,,,,True,0.4
2343,32.936361,-117.159884,9042.3,58.0,5.471,152,,,,True,1.4
2349,32.936411,-117.159595,9070.2,59.0,5.058,151,,,,True,1.2
2353,32.936471,-117.159424,9087.6,59.4,4.53,150,,,,True,2.0
2354,32.936492,-117.159387,9091.7,59.4,4.3,150,,,,True,2.1
2361,32.936649,-117.15913,9121.1,59.6,4.188,149,,,,True,1.7
2365,32.936705,-117.158969,9137.7,60.4,4.182,149,,,,True,0.9
2367,32.936724,-117.158879,9146.4,60.4,4.217,150,,,,True,-0.2
2374,32.936802,-117.158536,9179.5,60.2,4.644,152,,,,True,-1.2
2381,32.93694,-117.158165,9217.5,59.4,5.079,152,,,,True,-1.6
2382,32.936966,-117.158114,9223.0,59.4,5.438,152,,,,True,-2.0
2388,32.937137,-117.157791,9258.5,58.6,5.857,151,,,,True,-0.9
2390,32.937193,-117.157677,9271.0,58.4,6.0,151,,,,True,-0.7
2396,32.937341,-117.157343,9306.5,58.6,6.0,148,,,,True,0.9
2397,32.937363,-117.15729,9311.9,58.8,5.843,148,,,,True,1.5
2403,32.9375,-117.156971,9345.3,59.4,5.543,148,,,,True,2.0
2404,32.937538,-117.15693,9351.0,59.6,5.586,147,,,,True,1.6
2405,32.937574,-117.156892,9356.3,59.6,5.55,147,,,,True,1.2
2406,32.937603,-117.156849,9361.4,59.6,5.5,147,,,,True,1.3
2409,32.937663,-117.156685,9378.1,59.8,5.42,146,,,,True,1.7
2415,32.937771,-117.15635,9411.5,60.4,5.567,145,,,,True,1.3
2418,32.937819,-117.15617,9428.9,60.8,5.644,146,,,,True,1.2
2420,32.937907,-117.156108,9439.7,60.6,5.64,146,,,,True,0.5
2421,32.937957,-117.156109,9445.1,60.6,5.6,147,,,,True,0.0
2423,32.938048,-117.156085,9455.6,60.6,5.34,146,,,,True,1.9
2425,32.938125,-117.156034,9465.5,60.8,5.16,145,,,,True,2.9
2429,32.938272,-117.155965,9482.8,61.4,4.533,145,,,,True,3.9
2430,32.938297,-117.155932,9487.2,61.8,4.34,145,,,,True,4.3
2434,32.938359,-117.155785,9502.3,62.4,3.9,145,,,,True,4.8
2440,32.938474,-117.155585,9525.6,63.4,3.84,144,,,,True,3.9
2441,32.938495,-117.155554,9529.0,63.6,3.814,145,,,,True,4.6
2444,32.938576,-117.155511,9538.5,63.8,3.62,145,,,,True,5.0
2448,32.938658,-117.155434,9550.2,64.6,3.029,146,,,,True,2.6
2449,32.938679,-117.155408,9553.4,64.8,2.98,146,,,,True,2.3
2455,32.938783,-117.155222,9574.6,64.8,3.486,147,,,,True,2.6
2460,32.93879,-117.155055,9590.4,65.0,3.364,149,,,,True,4.0
2462,32.938807,-117.154997,9596.2,65.8,3.086,149,,,,True,7.2
2465,32.938837,-117.154933,9603.3,66.8,2.58,151,,,,True,6.2
2467,32.938859,-117.154889,9607.9,67.2,2.34,153,,,,True,3.4
2472,32.93889,-117.154733,9622.8,67.0,2.786,155,,,,True,1.2
2477,32.938928,-117.154592,9636.8,67.2,2.89,155,,,,True,0.8
2483,32.93894,-117.154431,9651.9,67.4,2.645,152,,,,True,1.6
2485,32.938951,-117.154382,9656.5,67.6,2.463,149,,,,True,1.2
2491,32.938979,-117.154213,9672.3,67.8,2.55,151,,,,True,1.1
2496,32.939008,-117.154068,9686.7,67.8,2.745,154,,,,True,0.8
2497,32.93902,-117.154046,9689.1,67.8,2.8,154,,,,True,1.4
2503,32.939084,-117.153894,9705.3,68.0,2.657,153,,,,True,2.3
2511,32.939203,-117.153702,9727.6,68.6,2.75,151,,,,True,2.5
2515,32.939279,-117.153622,9738.8,69.0,2.792,151,,,,True,3.2
2517,32.939331,-117.153603,9744.2,69.2,2.767,150,,,,True,3.8
2521,32.939433,-117.153636,9755.5,69.6,2.783,150,,,,True,4.0
2524,32.939491,-117.153705,9764.9,70.0,2.957,150,,,,True,3.6
2527,32.939546,-117.15377,9773.7,70.4,3.033,149,,,,True,3.2
2534,32.939642,-117.153953,9794.0,71.0,2.91,148,,,,True,2.4
2536,32.93967,-117.154003,9799.7,71.0,2.889,148,,,,True,2.1
2541,32.939784,-117.154086,9814.6,71.2,2.943,147,,,,True,3.4
2543,32.939842,-117.154081,9820.9,71.4,3.029,144,,,,True,4.9
2546,32.93992,-117.154087,9829.7,72.2,3.02,143,,,,True,8.4
2547,32.939948,-117.15409,9832.5,72.6,2.983,143,,,,True,10.3
2550,32.940018,-117.154087,9840.7,73.4,2.829,144,,,,True,10.6
2553,32.940085,-117.154097,9848.1,74.2,2.6,145,,,,True,10.9
2554,32.940105,-117.154097,9850.4,74.4,2.557,144,,,,True,12.0
2558,32.940192,-117.154097,9860.0,75.6,2.38,145,,,,True,10.8
2560,32.940228,-117.154094,9864.0,76.2,2.267,148,,,,True,8.7
2564,32.940301,-117.154093,9872.2,76.8,2.033,149,,,,True,5.2
2567,32.940352,-117.154092,9877.9,76.8,1.986,149,,,,True,2.7
2573,32.940461,-117.154049,9890.7,77.2,2.056,150,,,,True,0.9
2579,32.940623,-117.154065,9908.7,77.4,2.567,150,,,,True,2.0
2582,32.940698,-117.154091,9917.4,77.2,2.967,153,,,,True,3.2
2586,32.940798,-117.154099,9928.5,77.8,2.829,152,,,,True,5.2
2591,32.940902,-117.154122,9940.0,78.8,2.511,153,,,,True,7.1
2594,32.940966,-117.15413,9947.3,79.4,2.35,153,,,,True,7.2
2597,32.941025,-117.154151,9954.1,79.8,2.35,153,,,,True,3.2
2600,32.94109,-117.154156,9961.8,80.2,2.417,152,,,,True,1.8
2606,32.941215,-117.15408,9977.0,80.0,2.544,149,,,,True,0.7
2609,32.941247,-117.154056,9981.3,80.0,2.167,147,,,,True,-1.0
