t,lat,lng,distance_m,altitude_m,velocity_ms,heartrate,cadence,watts,temp_c,moving,grade_pct
0,32.941324,-117.154073,0.0,84.2,0.0,91,,,,False,0.0
4,32.941285,-117.154064,8.5,84.2,2.125,90,,,,True,1.3
5,32.941274,-117.154079,10.2,84.2,2.04,90,,,,True,3.9
7,32.94124,-117.154113,15.3,84.4,2.186,90,,,,True,5.7
10,32.941164,-117.154189,25.9,85.2,3.14,90,,,,True,5.2
11,32.941132,-117.154208,29.4,85.4,3.2,91,,,,True,0.0
12,32.941094,-117.154218,33.4,85.4,3.62,91,,,,True,-5.0
15,32.940959,-117.154203,48.2,84.4,4.46,93,,,,True,-5.9
16,32.940902,-117.154192,53.7,83.8,4.86,95,,,,True,-7.2
17,32.940849,-117.154189,60.1,83.6,5.34,96,,,,True,-8.1
19,32.940774,-117.154189,69.6,82.8,5.171,98,,,,True,-7.1
21,32.940751,-117.154184,72.8,82.4,3.82,101,,,,True,-7.7
22,32.940743,-117.15418,73.4,82.4,2.66,105,,,,True,-1.0
23,32.940718,-117.154179,75.6,82.4,2.583,106,,,,True,1.2
24,32.94068,-117.154187,79.5,82.4,1.98,105,,,,True,0.9
26,32.940592,-117.154201,88.9,82.6,3.22,106,,,,True,-0.6
27,32.940543,-117.154197,94.6,82.6,4.24,106,,,,True,-2.3
30,32.940398,-117.154179,111.1,82.2,5.267,110,,,,True,-5.7
32,32.940285,-117.154173,123.7,81.4,5.82,112,,,,True,-7.4
34,32.940151,-117.154164,138.1,79.8,6.214,111,,,,True,-10.1
35,32.940077,-117.15416,146.2,78.8,7.02,111,,,,True,-11.3
36,32.94,-117.154161,154.8,77.8,7.283,112,,,,True,-10.2
37,32.939925,-117.154164,162.8,77.0,7.82,112,,,,True,-7.9
38,32.939848,-117.154155,171.3,76.4,7.933,113,,,,True,-4.4
40,32.939732,-117.154061,186.9,75.6,8.14,115,,,,True,-3.4
43,32.939619,-117.153865,209.3,75.4,7.6,110,,,,True,-3.1
44,32.939584,-117.1538,216.5,75.2,7.533,109,,,,True,-2.7
45,32.939547,-117.15373,223.6,74.8,7.34,109,,,,True,-4.7
46,32.939505,-117.153665,231.1,74.4,7.367,108,,,,True,-4.6
48,32.939392,-117.153622,243.6,73.8,6.86,108,,,,True,-4.3
50,32.939296,-117.153677,255.4,73.4,6.36,110,,,,True,-3.2
51,32.939251,-117.153716,261.1,73.2,6.0,113,,,,True,-2.6
52,32.939204,-117.15376,268.1,73.2,6.167,116,,,,True,-2.3
53,32.939162,-117.15381,274.5,73.0,6.18,118,,,,True,-1.5
54,32.939122,-117.153865,281.3,72.8,6.283,121,,,,True,-3.1
55,32.939092,-117.153917,287.5,72.8,6.42,123,,,,True,-3.2
56,32.939061,-117.153973,293.6,72.4,6.5,124,,,,True,-4.0
57,32.939043,-117.154033,299.5,72.2,6.28,125,,,,True,-5.4
59,32.939019,-117.154155,311.1,71.6,5.96,127,,,,True,-2.4
60,32.93901,-117.154215,317.2,71.2,5.94,127,,,,True,-2.5
65,32.938966,-117.154504,344.1,71.2,5.5,130,,,,True,-1.3
67,32.938948,-117.154622,355.4,70.8,5.457,130,,,,True,-0.6
70,32.938908,-117.154778,370.6,70.8,5.3,133,,,,True,-1.0
72,32.938884,-117.154875,380.4,70.8,5.0,136,,,,True,0.5
73,32.938859,-117.154912,384.9,70.8,4.917,137,,,,True,-0.7
75,32.938815,-117.155003,394.4,71.0,4.76,139,,,,True,-2.3
76,32.938801,-117.155068,400.1,70.6,4.917,140,,,,True,-4.3
77,32.938806,-117.155141,406.7,70.2,5.26,140,,,,True,-9.0
78,32.938809,-117.155205,412.9,69.6,5.6,140,,,,True,-7.8
80,32.938805,-117.155292,421.1,68.6,5.34,140,,,,True,-8.0
83,32.938802,-117.15531,423.1,68.8,2.04,140,,,,True,-2.6
94,32.938774,-117.155333,426.6,68.6,0.393,138,,,,True,0.7
98,32.938665,-117.15546,443.6,68.8,1.367,137,,,,True,-3.7
99,32.938633,-117.155483,447.9,68.8,1.367,137,,,,True,-4.3
102,32.938521,-117.155546,461.4,67.4,4.35,138,,,,True,-6.4
105,32.938435,-117.155695,478.1,66.4,5.033,136,,,,True,-6.2
106,32.938404,-117.155746,484.0,66.2,5.157,136,,,,True,-4.3
108,32.938354,-117.155868,496.6,65.8,5.867,136,,,,True,-3.3
109,32.938323,-117.155926,502.8,65.6,5.914,136,,,,True,-3.8
110,32.93828,-117.15597,508.8,65.4,6.14,136,,,,True,-4.0
111,32.938226,-117.155996,515.2,65.0,6.24,136,,,,True,-4.0
112,32.938171,-117.156027,521.9,64.8,6.317,136,,,,True,-3.1
113,32.938122,-117.15606,528.0,64.6,6.28,136,,,,True,-1.9
115,32.93801,-117.156101,541.0,64.4,6.44,136,,,,True,-1.3
116,32.937958,-117.156099,546.8,64.4,6.32,136,,,,True,-1.1
117,32.937904,-117.156112,552.4,64.4,6.1,135,,,,True,-1.4
119,32.93784,-117.156196,563.0,64.2,5.833,135,,,,True,-2.3
120,32.937819,-117.156253,568.7,64.0,5.54,135,,,,True,-3.1
123,32.937754,-117.156465,589.6,63.4,6.2,135,,,,True,-2.7
125,32.937708,-117.156603,603.6,62.8,6.98,134,,,,True,-2.2
129,32.937616,-117.156845,628.7,62.4,6.517,133,,,,True,-2.1
131,32.937538,-117.156947,641.4,62.4,6.3,133,,,,True,-0.5
132,32.93751,-117.157011,648.0,62.2,6.343,133,,,,True,-0.4
138,32.937342,-117.157402,689.0,62.4,6.8,135,,,,True,-0.3
145,32.937135,-117.157833,735.4,62.0,6.723,138,,,,True,0.4
151,32.936974,-117.158178,772.5,62.0,6.423,140,,,,True,0.5
155,32.936899,-117.158407,795.4,62.8,6.0,143,,,,True,1.4
158,32.936849,-117.158579,812.5,63.0,5.714,146,,,,True,1.9
162,32.936785,-117.158808,834.8,63.4,5.629,149,,,,True,0.9
166,32.936724,-117.159036,857.4,63.6,5.612,151,,,,True,-0.3
167,32.936713,-117.159095,863.0,63.4,5.64,151,,,,True,-1.6
169,32.936698,-117.159216,874.4,62.8,5.657,152,,,,True,-1.4
171,32.936703,-117.159325,884.5,62.6,5.42,153,,,,True,-1.4
175,32.936749,-117.15948,900.0,63.0,4.267,153,,,,True,0.5
177,32.936782,-117.159535,906.0,62.8,3.583,153,,,,True,0.5
179,32.936759,-117.159613,913.7,63.0,3.65,154,,,,True,-2.3
181,32.936719,-117.159708,923.3,62.8,3.883,153,,,,True,-2.9
183,32.936717,-117.159828,934.4,62.2,4.733,153,,,,True,-4.9
184,32.936711,-117.15989,940.3,61.8,5.32,153,,,,True,-4.6
185,32.936693,-117.15995,946.2,61.4,5.417,153,,,,True,-2.8
187,32.936647,-117.160063,957.8,61.2,5.75,153,,,,True,-1.0
189,32.936596,-117.160173,969.7,61.2,5.88,154,,,,True,-0.4
191,32.936501,-117.16023,980.9,61.4,5.783,153,,,,True,-0.4
194,32.936353,-117.160313,998.9,61.2,5.84,153,,,,True,-0.4
196,32.936278,-117.160412,1011.0,61.0,6.02,154,,,,True,-1.1
197,32.93625,-117.160468,1017.0,61.0,6.017,154,,,,True,0.4
200,32.936184,-117.160627,1034.0,60.8,5.85,155,,,,True,0.4
204,32.936214,-117.16085,1054.5,61.4,5.357,156,,,,True,0.4
206,32.936206,-117.160963,1065.3,61.2,5.217,157,,,,True,1.0
207,32.936221,-117.161009,1070.1,61.2,5.157,157,,,,True,-1.3
208,32.936222,-117.161062,1075.0,61.2,5.125,156,,,,True,-1.5
210,32.936222,-117.161186,1086.4,61.0,5.317,155,,,,True,-2.8
211,32.936214,-117.161253,1092.3,60.8,5.4,155,,,,True,-4.0
212,32.936194,-117.161317,1098.8,60.4,5.74,155,,,,True,-3.8
213,32.936187,-117.161382,1105.0,60.0,6.0,155,,,,True,-3.3
216,32.936175,-117.161575,1122.8,59.6,6.1,155,,,,True,-1.7
217,32.936151,-117.161636,1128.9,59.6,6.02,155,,,,True,-1.0
218,32.936108,-117.161677,1134.9,59.8,5.98,154,,,,True,0.0
220,32.936008,-117.161736,1146.9,59.6,5.986,154,,,,True,0.0
224,32.93582,-117.161868,1171.2,59.6,6.05,155,,,,True,-0.4
225,32.935789,-117.161917,1176.7,59.6,5.96,155,,,,True,0.0
226,32.935764,-117.161972,1182.4,59.6,5.917,155,,,,True,0.3
230,32.935676,-117.162198,1206.0,59.6,5.86,155,,,,True,0.0
235,32.935572,-117.162466,1233.5,59.8,5.678,154,,,,True,-0.2
237,32.935543,-117.162583,1245.0,59.6,5.571,155,,,,True,-0.5
243,32.935455,-117.162949,1280.7,59.4,5.9,154,,,,True,0.0
245,32.935433,-117.163074,1292.6,59.2,5.95,154,,,,True,-0.4
250,32.935363,-117.163375,1321.7,59.8,5.857,153,,,,True,-0.9
252,32.935321,-117.163497,1333.9,59.2,5.9,152,,,,True,0.4
255,32.935271,-117.163663,1350.7,58.8,5.8,151,,,,True,-0.4
263,32.935186,-117.164074,1390.1,59.6,5.109,153,,,,True,-0.2
270,32.935112,-117.164465,1427.7,59.4,5.133,152,,,,True,0.2
271,32.935095,-117.164526,1433.6,59.0,5.438,153,,,,True,-0.8
275,32.934987,-117.16475,1457.6,59.0,5.98,153,,,,True,-2.4
276,32.934964,-117.164813,1464.0,59.0,6.08,154,,,,True,-3.0
277,32.934942,-117.164873,1470.2,58.4,6.1,153,,,,True,-5.0
280,32.934891,-117.16505,1487.7,57.4,6.02,153,,,,True,-3.4
281,32.93488,-117.165109,1493.4,57.2,5.88,153,,,,True,-2.1
284,32.93486,-117.165301,1511.3,57.4,5.871,154,,,,True,1.1
285,32.934842,-117.165358,1517.3,57.4,5.92,154,,,,True,1.5
290,32.934749,-117.165591,1541.3,58.0,5.0,157,,,,True,0.5
291,32.934726,-117.165642,1546.6,58.0,4.883,157,,,,True,-0.7
292,32.93471,-117.165697,1551.9,57.6,4.943,158,,,,True,-2.5
296,32.934652,-117.165939,1575.8,57.0,5.84,158,,,,True,-2.5
303,32.934582,-117.166329,1612.9,56.2,5.545,157,,,,True,-1.8
304,32.934569,-117.16638,1618.0,56.2,5.275,157,,,,True,-1.2
306,32.934541,-117.166488,1628.4,56.2,5.26,156,,,,True,0.3
309,32.934508,-117.166641,1643.3,56.2,5.06,157,,,,True,0.7
316,32.934397,-117.166995,1678.8,56.4,5.04,159,,,,True,0.9
321,32.934251,-117.167179,1702.6,56.8,4.942,159,,,,True,1.0
324,32.93418,-117.167334,1718.7,57.0,4.988,160,,,,True,0.6
325,32.93416,-117.167399,1725.0,57.0,5.133,160,,,,True,0.0
329,32.934065,-117.167609,1747.7,56.8,5.8,158,,,,True,-0.5
330,32.934032,-117.167655,1752.9,56.8,5.58,158,,,,True,0.0
332,32.933972,-117.167727,1762.8,56.8,5.4,159,,,,True,2.3
334,32.933923,-117.167793,1770.8,57.0,4.62,159,,,,True,3.6
335,32.93391,-117.167816,1773.3,57.4,4.08,159,,,,True,5.0
337,32.933903,-117.167826,1774.9,57.6,2.42,160,,,,True,7.4
345,32.933904,-117.167821,1774.9,57.4,0.16,162,,,,False,0.0
349,32.933903,-117.167822,1775.4,57.2,0.042,159,,,,False,-2.2
350,32.933898,-117.167827,1776.2,57.4,0.26,158,,,,True,-2.4
351,32.933889,-117.167835,1777.2,57.2,0.383,157,,,,True,-1.5
355,32.933792,-117.167946,1791.7,57.0,3.1,155,,,,True,-1.9
357,32.933741,-117.168045,1802.6,56.8,4.233,155,,,,True,-1.3
360,32.933673,-117.168189,1818.3,56.6,5.32,153,,,,True,-1.6
361,32.933642,-117.168237,1823.8,56.6,5.35,153,,,,True,-2.4
362,32.933599,-117.168276,1829.7,56.4,5.42,151,,,,True,-5.1
363,32.933549,-117.168307,1835.9,56.0,5.55,151,,,,True,-5.9
364,32.9335,-117.168336,1841.9,55.4,5.614,151,,,,True,-6.6
366,32.933406,-117.168406,1854.2,54.8,6.08,150,,,,True,-4.5
367,32.933364,-117.168446,1860.1,54.4,6.08,151,,,,True,-1.0
369,32.933294,-117.16854,1871.7,54.4,5.96,151,,,,True,2.7
371,32.933221,-117.168623,1882.9,55.0,5.74,151,,,,True,2.3
374,32.933112,-117.168725,1898.6,56.0,5.38,149,,,,True,3.6
379,32.933014,-117.168935,1921.0,55.8,4.762,147,,,,True,3.7
382,32.932936,-117.169033,1933.4,56.6,4.35,147,,,,True,2.5
384,32.932874,-117.169091,1942.3,57.2,4.26,148,,,,True,4.2
389,32.932732,-117.169247,1963.8,57.6,4.343,151,,,,True,2.6
390,32.932699,-117.169276,1968.2,57.8,4.317,152,,,,True,1.0
391,32.932664,-117.1693,1972.6,57.6,4.329,152,,,,True,0.0
393,32.932601,-117.169364,1982.0,57.6,4.411,153,,,,True,-0.7
395,32.932541,-117.169445,1991.9,57.6,4.74,153,,,,True,-1.4
396,32.932493,-117.169472,1997.6,57.6,5.0,154,,,,True,-2.4
399,32.932353,-117.169585,2016.3,57.0,5.717,155,,,,True,-4.2
400,32.9323,-117.169617,2022.9,56.6,6.2,155,,,,True,-5.2
401,32.932252,-117.169658,2029.6,56.0,6.4,155,,,,True,-5.6
402,32.932213,-117.169709,2036.0,55.6,6.4,155,,,,True,-2.8
404,32.932137,-117.169802,2048.3,55.2,6.4,155,,,,True,-1.0
406,32.932079,-117.169889,2058.8,55.6,5.84,155,,,,True,0.0
408,32.932019,-117.169979,2069.4,55.6,5.567,155,,,,True,1.2
409,32.931979,-117.17002,2075.1,55.6,5.36,155,,,,True,0.5
410,32.931948,-117.170064,2080.5,55.6,5.367,155,,,,True,1.7
413,32.93187,-117.170187,2095.4,55.8,5.2,154,,,,True,0.8
415,32.931824,-117.170269,2104.7,56.2,4.84,155,,,,True,0.9
419,32.931731,-117.170444,2123.8,56.0,4.733,153,,,,True,1.0
424,32.93167,-117.170698,2148.3,56.2,4.844,155,,,,True,0.6
425,32.931665,-117.17075,2153.2,56.4,4.9,155,,,,True,0.0
429,32.931638,-117.170947,2172.2,56.6,4.78,156,,,,True,-1.0
431,32.931629,-117.171057,2182.4,56.0,4.867,156,,,,True,-2.2
432,32.931621,-117.171114,2187.7,55.8,4.929,156,,,,True,-4.7
434,32.931597,-117.171233,2199.1,55.4,5.38,156,,,,True,-4.0
436,32.931547,-117.171343,2210.7,54.8,5.66,156,,,,True,-4.4
438,32.93147,-117.171426,2222.5,54.4,5.8,156,,,,True,-4.5
439,32.931422,-117.171465,2228.6,54.0,5.9,155,,,,True,-4.5
440,32.931373,-117.171503,2234.9,53.8,5.967,155,,,,True,-3.9
443,32.931226,-117.171629,2255.1,52.8,6.52,154,,,,True,-3.9
445,32.931141,-117.171737,2268.6,52.6,6.74,154,,,,True,-3.1
446,32.931105,-117.171794,2275.1,52.2,6.7,153,,,,True,0.3
449,32.931026,-117.171968,2293.6,52.0,6.417,153,,,,True,1.3
454,32.930939,-117.172203,2318.2,53.0,5.387,153,,,,True,1.9
460,32.930845,-117.172478,2345.6,53.6,4.727,156,,,,True,3.0
461,32.930826,-117.172524,2350.4,53.6,4.6,156,,,,True,3.3
463,32.930787,-117.172604,2359.4,54.0,4.578,158,,,,True,4.4
468,32.930718,-117.172789,2378.1,55.0,3.957,159,,,,True,3.4
469,32.930706,-117.172826,2381.8,55.2,3.733,160,,,,True,2.6
475,32.930628,-117.173041,2403.8,55.4,3.671,161,,,,True,-0.3
481,32.930512,-117.173259,2427.9,55.8,3.842,163,,,,True,-0.8
486,32.930391,-117.173453,2450.7,54.8,4.264,164,,,,True,-1.6
488,32.930358,-117.173547,2460.2,54.6,4.614,164,,,,True,-3.2
489,32.930336,-117.173588,2464.9,54.4,4.625,164,,,,True,-3.0
493,32.930217,-117.173738,2483.9,54.0,4.74,163,,,,True,-3.3
498,32.930091,-117.173988,2510.6,53.0,5.078,162,,,,True,-2.9
499,32.930091,-117.174048,2515.5,52.8,5.267,162,,,,True,-2.9
500,32.930108,-117.174089,2520.1,52.8,5.171,161,,,,True,2.8
501,32.930148,-117.174114,2524.7,52.8,5.1,161,,,,True,7.2
503,32.930201,-117.174166,2532.4,53.6,4.36,161,,,,True,11.8
504,32.930208,-117.174194,2535.0,54.2,3.9,161,,,,True,15.8
506,32.930218,-117.174249,2540.4,55.2,3.14,161,,,,True,17.1
508,32.930204,-117.174293,2544.9,56.0,2.5,161,,,,True,13.8
509,32.930188,-117.174319,2547.6,56.2,2.52,161,,,,True,4.1
510,32.930168,-117.17435,2550.9,56.4,2.65,161,,,,True,1.6
515,32.930084,-117.174519,2569.4,56.4,3.633,160,,,,True,0.3
522,32.929936,-117.174746,2596.4,56.8,3.792,161,,,,True,-1.2
528,32.929794,-117.174935,2620.1,56.4,3.9,162,,,,True,-1.7
532,32.929705,-117.175091,2637.6,55.4,4.12,164,,,,True,-2.9
533,32.929689,-117.175135,2642.1,55.2,4.4,164,,,,True,-2.8
535,32.929657,-117.175228,2651.4,55.2,4.471,164,,,,True,0.0
536,32.929649,-117.175277,2656.1,55.4,4.5,164,,,,True,0.5
541,32.929621,-117.175518,2678.6,55.4,4.533,165,,,,True,-0.4
542,32.929627,-117.175568,2683.5,55.4,4.567,165,,,,True,-1.4
546,32.929699,-117.175737,2701.2,55.0,4.52,165,,,,True,-1.9
551,32.929882,-117.175886,2725.7,54.4,4.689,164,,,,True,-1.6
552,32.929923,-117.175903,2730.7,54.4,4.917,163,,,,True,0.0
553,32.929963,-117.175908,2735.1,54.6,4.843,163,,,,True,3.0
555,32.930047,-117.17592,2744.2,55.0,4.778,162,,,,True,3.2
557,32.930119,-117.175939,2752.3,55.2,4.32,162,,,,True,2.2
558,32.93014,-117.175964,2755.7,55.2,4.12,161,,,,True,-1.7
560,32.930161,-117.176041,2762.8,55.2,3.72,161,,,,True,-5.4
561,32.930186,-117.1761,2768.0,54.6,3.967,160,,,,True,-7.1
562,32.930197,-117.17617,2774.6,54.0,4.46,160,,,,True,-4.2
563,32.93019,-117.176236,2781.1,53.4,5.08,159,,,,True,-1.3
566,32.930137,-117.176386,2796.3,53.8,5.66,159,,,,True,4.5
567,32.930145,-117.176423,2799.8,54.2,5.04,159,,,,True,5.2
569,32.930192,-117.176464,2805.6,55.4,4.083,159,,,,True,2.7
573,32.930338,-117.176539,2823.7,55.6,3.983,157,,,,True,0.5
575,32.930431,-117.176586,2833.5,54.8,4.65,157,,,,True,-3.4
576,32.930489,-117.176559,2839.9,54.4,4.9,158,,,,True,-5.7
578,32.930592,-117.176489,2852.4,53.8,5.74,158,,,,True,-3.8
579,32.930649,-117.176508,2858.6,53.6,5.817,159,,,,True,-1.2
580,32.930694,-117.176534,2864.8,53.6,6.26,159,,,,True,0.0
582,32.930777,-117.176539,2874.6,54.0,5.783,159,,,,True,2.0
583,32.930821,-117.176516,2879.2,53.8,5.36,159,,,,True,3.1
585,32.930894,-117.176498,2887.9,54.2,4.62,160,,,,True,2.2
587,32.930951,-117.176579,2897.0,54.6,4.48,160,,,,True,2.9
588,32.930997,-117.176605,2901.8,54.6,4.52,160,,,,True,1.4
589,32.931044,-117.176601,2906.7,54.6,4.583,160,,,,True,0.0
591,32.931116,-117.17654,2915.6,54.6,4.617,160,,,,True,2.2
592,32.931162,-117.176534,2920.2,54.6,4.64,161,,,,True,2.2
594,32.931218,-117.176595,2928.8,55.2,4.42,163,,,,True,2.9
597,32.931298,-117.17671,2942.3,55.4,4.42,163,,,,True,3.7
599,32.93136,-117.176759,2950.6,55.6,4.36,163,,,,True,2.9
601,32.931436,-117.17675,2958.5,56.0,4.243,164,,,,True,4.2
602,32.931472,-117.176738,2962.7,56.2,4.08,164,,,,True,3.5
604,32.931535,-117.176696,2971.1,56.6,4.1,164,,,,True,2.3
606,32.931606,-117.176657,2979.5,56.6,4.2,166,,,,True,1.2
607,32.931646,-117.176642,2984.1,56.6,4.28,167,,,,True,0.8
610,32.931757,-117.176657,2996.7,56.6,4.267,167,,,,True,2.0
616,32.931961,-117.17675,3020.7,57.0,4.067,167,,,,True,2.3
621,32.932136,-117.176809,3040.6,57.8,3.991,169,,,,True,5.0
622,32.932165,-117.176817,3044.0,58.0,3.883,169,,,,True,11.3
624,32.932197,-117.176829,3048.4,59.2,3.463,169,,,,True,31.1
626,32.932201,-117.176834,3049.0,60.2,1.68,169,,,,False,21.4
632,32.932217,-117.17684,3050.9,61.0,0.313,171,,,,True,13.1
634,32.932229,-117.176848,3052.1,61.2,0.387,172,,,,True,7.4
636,32.932281,-117.176866,3058.0,61.0,0.9,173,,,,True,4.2
639,32.932338,-117.176884,3065.2,61.4,2.62,173,,,,True,-3.0
641,32.932371,-117.176919,3069.9,61.8,2.38,173,,,,True,-3.5
645,32.932481,-117.177043,3085.9,60.2,3.45,172,,,,True,-7.1
646,32.932521,-117.177099,3092.7,59.8,4.56,172,,,,True,-8.7
647,32.932562,-117.177138,3098.8,59.0,4.817,172,,,,True,-4.3
648,32.932605,-117.177166,3104.3,58.8,4.914,171,,,,True,0.9
649,32.93264,-117.177188,3109.0,59.2,4.887,171,,,,True,4.4
651,32.932696,-117.177214,3115.8,60.0,4.62,171,,,,True,4.4
654,32.932786,-117.177256,3126.1,60.2,3.42,171,,,,True,4.7
659,32.932959,-117.177254,3145.5,60.6,3.712,172,,,,True,4.9
661,32.933019,-117.177256,3152.0,61.2,3.7,172,,,,True,6.8
663,32.933057,-117.177268,3156.6,62.0,3.389,173,,,,True,9.2
664,32.93307,-117.177283,3158.5,62.4,2.6,173,,,,True,7.6
668,32.933166,-117.177308,3169.4,62.8,2.56,173,,,,True,7.9
673,32.933277,-117.177379,3183.6,63.6,2.789,173,,,,True,8.0
676,32.933313,-117.17742,3189.4,64.6,2.5,172,,,,True,10.3
678,32.933343,-117.177439,3193.3,65.2,1.94,172,,,,True,12.6
680,32.933374,-117.177453,3196.7,65.6,1.871,172,,,,True,10.7
685,32.933468,-117.17748,3207.5,66.6,2.029,173,,,,True,8.4
686,32.933489,-117.177493,3210.0,66.8,2.217,173,,,,True,7.0
689,32.933531,-117.177552,3217.2,67.2,2.278,174,,,,True,5.1
694,32.933622,-117.177599,3228.1,67.8,2.262,175,,,,True,4.9
695,32.933644,-117.177612,3231.0,67.8,2.3,175,,,,True,4.4
700,32.933742,-117.177644,3242.6,68.4,2.417,175,,,,True,4.2
701,32.933757,-117.177659,3244.7,68.4,2.283,175,,,,True,5.2
704,32.933784,-117.177729,3251.7,68.8,2.3,175,,,,True,7.7
705,32.9338,-117.177751,3254.3,69.0,2.34,175,,,,True,7.5
709,32.933879,-117.177784,3263.4,70.0,2.34,174,,,,True,11.1
710,32.933903,-117.177784,3266.1,70.0,2.36,174,,,,True,9.3
715,32.933983,-117.177774,3275.2,71.4,1.967,173,,,,True,7.9
720,32.933988,-117.177769,3275.7,71.0,0.96,173,,,,False,9.6
728,32.93399,-117.177772,3276.1,71.0,0.069,173,,,,False,-41.7
734,32.933988,-117.177769,3276.5,71.0,0.057,170,,,,False,-31.2
740,32.933988,-117.177769,3276.7,70.6,0.05,170,,,,False,-23.3
745,32.933994,-117.177771,3277.6,70.4,0.1,167,,,,False,-10.2
748,32.933988,-117.177769,3278.4,70.4,0.213,165,,,,False,-16.9
753,32.933988,-117.177769,3278.4,70.4,0.1,162,,,,False,-10.2
755,32.933997,-117.177771,3279.1,70.4,0.1,159,,,,True,-18.2
756,32.933998,-117.177775,3279.5,70.4,0.137,158,,,,True,-24.2
759,32.934002,-117.17779,3280.8,70.4,0.4,155,,,,True,-18.9
763,32.934002,-117.177794,3281.1,70.8,0.229,154,,,,False,-21.1
771,32.934002,-117.177794,3281.1,70.6,0.025,153,,,,False,-14.1
778,32.934002,-117.177794,3281.1,70.4,0.0,151,,,,False,-11.2
785,32.934002,-117.177794,3281.1,70.4,0.0,148,,,,False,-6.3
789,32.934002,-117.177794,3281.1,70.8,0.0,147,,,,False,-3.4
791,32.934002,-117.177794,3281.1,70.8,0.0,143,,,,False,0.0
794,32.933994,-117.177792,3281.8,70.2,0.14,140,,,,False,1.6
795,32.934002,-117.177794,3281.8,70.0,0.117,138,,,,False,1.6
796,32.933994,-117.177789,3281.8,69.8,0.14,137,,,,False,1.8
799,32.934002,-117.177794,3282.6,69.6,0.16,134,,,,False,2.2
807,32.934002,-117.177794,3282.6,70.0,0.073,137,,,,False,3.3
815,32.934002,-117.177794,3282.6,69.8,0.0,138,,,,False,4.4
821,32.933995,-117.177783,3282.8,69.8,0.014,135,,,,False,2.2
822,32.933994,-117.17779,3283.1,69.8,0.071,135,,,,False,6.9
827,32.934002,-117.177794,3283.7,70.2,0.15,132,,,,False,9.6
832,32.934002,-117.177794,3283.9,70.2,0.08,130,,,,False,8.4
833,32.934003,-117.177798,3284.1,70.4,0.067,129,,,,False,8.6
835,32.934037,-117.177804,3287.8,70.6,0.513,130,,,,True,6.5
836,32.934063,-117.177798,3290.8,70.6,0.789,130,,,,True,3.7
839,32.934138,-117.177793,3299.3,71.2,2.533,134,,,,True,3.3
841,32.934192,-117.177801,3305.5,71.2,2.94,133,,,,True,1.7
843,32.934251,-117.177801,3311.7,71.4,2.986,132,,,,True,0.7
850,32.934485,-117.177806,3338.0,71.4,3.611,132,,,,True,0.9
855,32.934671,-117.177791,3358.7,71.6,3.917,132,,,,True,0.6
858,32.93477,-117.177843,3371.0,71.8,4.125,133,,,,True,0.9
859,32.934803,-117.177825,3374.9,71.8,4.1,134,,,,True,1.6
861,32.934884,-117.177844,3383.6,71.8,4.15,137,,,,True,2.0
864,32.934999,-117.177853,3396.3,72.2,4.28,138,,,,True,3.8
865,32.935039,-117.177851,3400.5,72.4,4.267,138,,,,True,5.5
869,32.935177,-117.177844,3416.5,73.4,4.04,138,,,,True,5.2
871,32.93524,-117.177841,3423.6,74.0,3.85,141,,,,True,3.7
874,32.93534,-117.177815,3434.7,74.2,3.64,145,,,,True,1.5
876,32.935415,-117.177812,3443.3,74.0,3.94,148,,,,True,0.0
879,32.935535,-117.177786,3456.5,74.0,4.36,150,,,,True,-0.8
885,32.93576,-117.177712,3482.7,74.0,4.378,151,,,,True,-0.3
886,32.935804,-117.177701,3487.7,73.8,4.457,151,,,,True,-0.7
889,32.93593,-117.177686,3502.0,73.8,4.55,151,,,,True,-1.1
891,32.936006,-117.177651,3510.9,73.6,4.64,152,,,,True,-0.5
893,32.936088,-117.177663,3519.7,73.6,4.571,153,,,,True,-0.6
894,32.936131,-117.177653,3524.5,73.6,4.5,153,,,,True,0.7
896,32.936213,-117.177644,3533.6,73.6,4.54,153,,,,True,1.4
897,32.936252,-117.177662,3538.3,73.8,4.567,153,,,,True,1.9
899,32.936331,-117.177684,3547.3,74.0,4.56,154,,,,True,3.2
901,32.936412,-117.177672,3556.2,74.2,4.52,154,,,,True,4.2
903,32.936486,-117.177699,3564.8,74.6,4.417,155,,,,True,5.8
905,32.936543,-117.177734,3572.0,75.2,4.117,154,,,,True,6.7
907,32.936602,-117.17775,3578.6,75.8,3.733,155,,,,True,5.8
910,32.936693,-117.177768,3588.8,76.4,3.36,154,,,,True,3.9
914,32.93682,-117.177785,3603.0,76.8,3.486,154,,,,True,1.9
918,32.936952,-117.177822,3618.0,77.0,3.65,155,,,,True,0.9
921,32.937057,-117.1778,3630.2,76.8,3.886,154,,,,True,1.7
922,32.937089,-117.177776,3634.3,76.8,3.913,154,,,,True,2.5
926,32.937231,-117.177785,3650.0,77.6,3.96,155,,,,True,4.5
928,32.937286,-117.177842,3658.0,78.0,3.95,155,,,,True,5.3
930,32.937322,-117.177911,3665.6,78.4,3.912,155,,,,True,5.8
934,32.937378,-117.178037,3679.4,79.2,3.567,155,,,,True,6.7
937,32.937407,-117.178127,3688.2,79.8,3.229,157,,,,True,7.7
938,32.937422,-117.178151,3690.9,80.2,3.163,157,,,,True,8.8
941,32.93747,-117.17822,3699.3,81.0,2.843,160,,,,True,9.6
942,32.93748,-117.178247,3702.0,81.2,2.76,161,,,,True,8.1
943,32.937489,-117.178276,3704.9,81.4,2.8,161,,,,True,7.8
948,32.937546,-117.178395,3718.0,82.4,2.667,162,,,,True,7.9
951,32.9376,-117.178432,3724.8,83.0,2.488,162,,,,True,8.1
953,32.937644,-117.178441,3729.8,83.4,2.36,163,,,,True,9.3
954,32.937663,-117.178451,3732.1,83.6,2.35,163,,,,True,11.0
959,32.937769,-117.178448,3743.7,84.8,2.317,166,,,,True,10.8
963,32.93784,-117.178424,3752.1,86.0,2.222,168,,,,True,9.8
964,32.937855,-117.178414,3753.9,86.0,2.04,168,,,,True,8.6
969,32.937948,-117.178401,3764.6,86.8,2.083,169,,,,True,5.1
971,32.93799,-117.178413,3769.3,87.0,2.2,168,,,,True,4.3
977,32.938112,-117.178451,3783.2,87.6,2.325,171,,,,True,3.1
982,32.938198,-117.178535,3796.2,87.8,2.445,170,,,,True,2.8
985,32.938241,-117.178596,3803.4,88.0,2.525,170,,,,True,2.5
988,32.938299,-117.178651,3811.6,88.2,2.567,171,,,,True,3.5
995,32.938453,-117.178759,3831.7,88.8,2.83,170,,,,True,4.2
997,32.938478,-117.178798,3836.4,89.2,2.756,170,,,,True,5.1
1001,32.938544,-117.178861,3845.8,89.8,2.35,169,,,,True,7.6
1003,32.938574,-117.178902,3850.9,90.2,2.417,170,,,,True,7.2
1006,32.938614,-117.178966,3858.1,90.8,2.46,169,,,,True,7.9
1010,32.938656,-117.179043,3867.0,91.4,2.3,169,,,,True,8.3
1012,32.938678,-117.179078,3871.0,91.8,2.15,169,,,,True,10.3
1015,32.938714,-117.17913,3877.4,92.4,2.08,170,,,,True,11.2
1019,32.938729,-117.179209,3885.2,93.6,2.029,169,,,,True,10.2
1020,32.938733,-117.179224,3886.7,93.6,1.86,169,,,,True,9.6
1025,32.938786,-117.17931,3896.4,94.4,1.867,171,,,,True,8.1
1027,32.938802,-117.179348,3900.2,94.6,1.929,171,,,,True,8.7
1032,32.938852,-117.17943,3909.9,95.6,1.929,172,,,,True,6.8
1033,32.938863,-117.179451,3912.0,95.8,1.967,172,,,,True,6.0
1038,32.938894,-117.179562,3922.9,96.2,2.167,172,,,,True,5.7
1044,32.938906,-117.179712,3937.1,96.8,2.282,174,,,,True,6.4
1046,32.938912,-117.179757,3941.4,97.4,2.313,174,,,,True,8.4
1049,32.938922,-117.179812,3946.6,98.0,1.9,174,,,,True,10.1
1053,32.938914,-117.179887,3953.8,98.8,1.771,174,,,,True,8.9
1056,32.938919,-117.179941,3958.9,99.0,1.757,174,,,,True,8.2
1059,32.938927,-117.179995,3963.9,99.4,1.683,175,,,,True,7.8
1063,32.938925,-117.18007,3971.0,100.0,1.729,175,,,,True,9.1
1065,32.938925,-117.180107,3974.3,100.4,1.733,174,,,,True,11.2
1069,32.938916,-117.180176,3980.9,101.0,1.65,175,,,,True,10.7
1072,32.938905,-117.180221,3985.3,101.8,1.571,175,,,,True,10.6
1076,32.938903,-117.180285,3991.6,102.2,1.529,175,,,,True,11.8
1077,32.938903,-117.180303,3993.1,102.4,1.56,175,,,,True,9.2
1082,32.938896,-117.180388,4001.2,103.4,1.6,175,,,,True,10.6
1083,32.938899,-117.180404,4002.7,103.4,1.6,175,,,,True,9.9
1089,32.9389,-117.180507,4012.3,104.4,1.586,175,,,,True,9.3
1094,32.938872,-117.180597,4021.4,105.2,1.7,175,,,,True,10.2
1095,32.938867,-117.180608,4022.8,105.4,1.75,176,,,,True,9.6
1100,32.938831,-117.180678,4030.1,106.2,1.45,176,,,,True,9.6
1103,32.938803,-117.180716,4035.1,106.6,1.537,175,,,,True,9.0
1107,32.938767,-117.180752,4040.1,107.0,1.429,175,,,,True,8.5
1112,32.938714,-117.180799,4047.2,107.6,1.344,176,,,,True,8.2
1113,32.938704,-117.180818,4049.0,107.8,1.483,176,,,,True,5.9
1115,32.9387,-117.180855,4052.2,108.0,1.512,177,,,,True,5.3
1117,32.938698,-117.180905,4057.0,108.0,1.96,177,,,,True,7.0
1122,32.938752,-117.180969,4066.1,108.6,1.986,176,,,,True,7.3
1127,32.938824,-117.180931,4074.8,109.6,1.78,176,,,,True,9.1
1128,32.938838,-117.18092,4076.7,109.8,1.767,175,,,,True,10.5
1133,32.938916,-117.180887,4085.5,110.6,1.783,174,,,,True,9.9
1134,32.938929,-117.180888,4087.1,110.8,1.733,175,,,,True,9.6
1139,32.938998,-117.180916,4095.1,111.6,1.6,175,,,,True,10.1
1142,32.939028,-117.180952,4099.5,112.0,1.55,176,,,,True,9.4
1145,32.939061,-117.180999,4105.4,112.6,1.717,176,,,,True,8.6
1149,32.939104,-117.181056,4112.5,113.2,1.857,176,,,,True,8.7
1151,32.939125,-117.181083,4116.1,113.4,1.783,176,,,,True,8.0
1156,32.939176,-117.181153,4124.7,114.2,1.743,175,,,,True,6.8
1159,32.939216,-117.181192,4130.4,114.6,1.787,174,,,,True,6.9
1165,32.93928,-117.181284,4141.8,115.2,1.9,174,,,,True,5.7
1167,32.939297,-117.181314,4145.2,115.4,1.85,174,,,,True,5.6
1175,32.93939,-117.181421,4159.8,116.2,1.8,174,,,,True,6.5
1180,32.939445,-117.181502,4169.4,116.8,1.862,173,,,,True,6.9
1183,32.939423,-117.181564,4175.6,117.4,1.975,173,,,,True,9.2
1185,32.93939,-117.181594,4180.2,117.8,2.16,173,,,,True,6.6
1188,32.939355,-117.181631,4185.8,118.6,2.04,173,,,,True,0.6
1191,32.939317,-117.181705,4193.6,118.4,2.233,172,,,,True,-2.7
1195,32.93933,-117.181855,4207.9,117.6,3.157,172,,,,True,-4.0
1201,32.939366,-117.18212,4232.4,116.4,3.88,172,,,,True,-3.5
1203,32.939441,-117.182141,4240.7,116.4,4.1,170,,,,True,0.0
1204,32.939477,-117.182151,4244.8,116.6,4.1,170,,,,True,9.1
1206,32.939528,-117.18219,4251.7,117.6,3.86,169,,,,True,14.4
1208,32.939559,-117.18223,4256.7,118.6,3.2,167,,,,True,11.7
1209,32.939571,-117.182249,4258.8,119.0,2.8,167,,,,True,8.8
1214,32.939625,-117.182374,4272.1,119.8,2.567,167,,,,True,5.5
1217,32.939657,-117.182439,4279.0,120.0,2.525,167,,,,True,5.4
1220,32.939707,-117.18249,4285.9,120.2,2.3,166,,,,True,2.4
1224,32.939723,-117.182502,4288.6,120.6,1.371,166,,,,True,2.0
1230,32.939724,-117.182501,4288.6,120.2,0.27,165,,,,False,1.3
1237,32.939724,-117.182501,4288.8,119.4,0.015,165,,,,False,-2.4
1243,32.939724,-117.182501,4288.8,120.2,0.015,163,,,,False,-2.9
1249,32.939764,-117.182532,4294.2,120.2,0.45,164,,,,True,2.0
1252,32.93984,-117.182531,4302.3,119.8,1.5,161,,,,True,-0.8
1254,32.939894,-117.182532,4308.4,119.8,2.84,160,,,,True,0.7
1256,32.939949,-117.182522,4314.8,120.0,2.943,157,,,,True,2.9
1259,32.940033,-117.182521,4324.1,120.4,3.14,154,,,,True,2.6
1261,32.940087,-117.18252,4330.3,120.6,3.1,154,,,,True,2.6
1269,32.940305,-117.182535,4354.5,121.0,3.04,154,,,,True,1.5
1271,32.940361,-117.182534,4361.0,121.2,3.07,154,,,,True,1.9
1276,32.940496,-117.182541,4375.9,121.2,3.057,153,,,,True,2.0
1285,32.940741,-117.182565,4403.2,122.0,3.014,151,,,,True,2.0
1289,32.940852,-117.182548,4415.6,122.2,3.054,152,,,,True,2.2
1291,32.940906,-117.182549,4421.6,122.4,3.067,152,,,,True,1.1
1300,32.941156,-117.182581,4449.3,122.8,3.064,150,,,,True,0.6
1307,32.941357,-117.182638,4473.2,122.8,3.225,148,,,,True,0.5
1311,32.941467,-117.182747,4488.2,122.6,3.536,148,,,,True,0.0
1313,32.941533,-117.182763,4496.2,122.8,3.833,148,,,,True,-0.7
1315,32.941604,-117.182753,4504.0,122.8,3.85,148,,,,True,-0.3
1321,32.941828,-117.182712,4528.8,122.4,4.075,150,,,,True,-0.8
1326,32.942021,-117.182691,4550.6,122.4,4.236,152,,,,True,-1.0
1332,32.942234,-117.182692,4574.4,122.2,4.145,152,,,,True,-0.6
1338,32.942461,-117.182691,4599.4,121.8,4.067,151,,,,True,-0.7
1344,32.942681,-117.182693,4623.9,121.8,4.125,150,,,,True,-0.6
1348,32.942805,-117.182695,4637.8,121.8,3.84,145,,,,True,0.0
1351,32.942881,-117.182681,4646.3,121.8,3.2,142,,,,True,0.0
1355,32.94297,-117.182696,4656.3,121.8,2.643,139,,,,True,-0.7
1357,32.943004,-117.182704,4660.2,121.8,2.317,136,,,,True,-1.5
1360,32.943061,-117.182692,4666.2,121.6,1.98,133,,,,True,-2.7
1362,32.943114,-117.182649,4673.2,121.4,2.6,130,,,,True,-2.7
1365,32.943186,-117.182553,4685.4,121.0,3.84,130,,,,True,-2.6
1366,32.943195,-117.182506,4690.2,121.0,4.0,129,,,,True,-2.7
1372,32.943197,-117.182192,4719.6,120.2,4.886,130,,,,True,-2.6
1373,32.943194,-117.18213,4725.1,120.0,4.986,131,,,,True,-3.3
1374,32.9432,-117.182066,4731.3,119.8,5.138,131,,,,True,-4.0
1378,32.943207,-117.1818,4756.2,118.8,6.22,132,,,,True,-4.3
1380,32.943205,-117.181652,4769.7,118.2,6.4,135,,,,True,-4.3
1381,32.943207,-117.181577,4776.7,117.8,6.486,135,,,,True,-3.7
1385,32.943209,-117.181274,4805.4,116.6,7.14,135,,,,True,-3.8
1392,32.943215,-117.18075,4854.4,115.2,7.064,134,,,,True,-3.4
1395,32.943218,-117.180523,4875.5,114.2,7.01,133,,,,True,-1.2
1398,32.943223,-117.180312,4895.0,113.8,6.767,133,,,,True,0.0
1405,32.943237,-117.179859,4937.8,115.0,6.23,132,,,,True,1.4
1409,32.943238,-117.179624,4959.9,115.2,5.9,133,,,,True,2.6
1412,32.943247,-117.179466,4974.6,115.6,5.257,133,,,,True,3.7
1416,32.943273,-117.179257,4994.2,116.4,4.9,134,,,,True,4.9
1419,32.943289,-117.179109,5008.1,117.6,4.786,136,,,,True,1.5
1420,32.943291,-117.179054,5013.5,117.8,4.862,135,,,,True,-0.5
1423,32.943293,-117.178887,5028.8,116.4,4.943,136,,,,True,-3.6
1424,32.943294,-117.178829,5034.2,116.2,5.22,136,,,,True,-4.0
1429,32.943309,-117.178568,5058.8,115.8,5.0,139,,,,True,-1.9
1430,32.943311,-117.178519,5063.5,115.8,4.883,140,,,,True,-1.4
1434,32.943232,-117.178347,5081.6,115.4,4.56,141,,,,True,-1.8
1436,32.943184,-117.178241,5092.9,115.4,4.9,141,,,,True,-2.0
1438,32.943175,-117.178127,5103.8,115.0,5.038,143,,,,True,-0.7
1440,32.943176,-117.178011,5114.4,114.8,5.467,144,,,,True,0.8
1444,32.943206,-117.177779,5136.5,115.0,5.45,145,,,,True,2.0
1451,32.943242,-117.177415,5170.7,116.0,5.118,147,,,,True,3.1
1454,32.943258,-117.177277,5183.6,116.6,4.71,148,,,,True,4.2
1459,32.943268,-117.177056,5204.4,117.6,4.212,148,,,,True,5.1
1465,32.943284,-117.176816,5226.9,118.8,3.936,148,,,,True,5.0
1470,32.94328,-117.176628,5244.5,119.8,3.645,151,,,,True,4.8
1471,32.943277,-117.17659,5248.1,119.8,3.533,151,,,,True,4.8
1474,32.943265,-117.176478,5259.0,120.2,3.567,153,,,,True,4.7
1477,32.94325,-117.176371,5268.8,120.8,3.45,154,,,,True,5.2
1481,32.943237,-117.176217,5283.2,121.6,3.457,157,,,,True,5.2
1482,32.943233,-117.176183,5286.6,121.8,3.56,157,,,,True,4.7
1483,32.943227,-117.176148,5290.0,121.8,3.533,158,,,,True,3.8
1487,32.943222,-117.176011,5302.8,122.4,3.24,161,,,,True,3.3
1489,32.94322,-117.175939,5309.4,122.6,3.233,163,,,,True,3.0
1491,32.94322,-117.175867,5316.5,122.8,3.313,163,,,,True,1.0
1497,32.943235,-117.175653,5336.4,123.2,3.375,162,,,,True,0.5
1504,32.943252,-117.175379,5362.5,123.0,3.538,162,,,,True,0.4
1511,32.943205,-117.175068,5391.5,123.0,3.936,163,,,,True,-0.5
1518,32.943157,-117.174757,5421.1,123.2,4.186,162,,,,True,-0.5
1527,32.943144,-117.174317,5462.9,122.6,4.462,161,,,,True,-0.8
1529,32.94314,-117.174219,5471.6,122.4,4.591,159,,,,True,-1.4
1532,32.943116,-117.174042,5488.2,122.2,5.06,158,,,,True,-0.5
1533,32.943102,-117.173986,5493.4,122.2,5.083,157,,,,True,0.0
1535,32.943047,-117.173901,5503.4,122.4,5.3,156,,,,True,1.4
1536,32.943008,-117.173891,5507.5,122.4,5.129,155,,,,True,1.2
1538,32.942927,-117.173858,5516.8,122.6,4.68,155,,,,True,-0.5
1540,32.942866,-117.173787,5526.2,122.6,4.56,154,,,,True,-0.5
1544,32.942789,-117.173594,5546.3,122.2,4.917,153,,,,True,-1.0
1545,32.942778,-117.173542,5550.9,122.2,4.94,153,,,,True,-1.0
1546,32.942757,-117.173495,5555.9,122.2,4.95,153,,,,True,-0.7
1548,32.942681,-117.173448,5564.9,122.2,4.837,152,,,,True,-0.6
1550,32.942589,-117.173436,5575.1,122.0,4.84,152,,,,True,-0.4
1552,32.942491,-117.173453,5585.6,122.0,4.95,151,,,,True,-0.5
1555,32.94235,-117.173519,5602.3,122.0,5.44,150,,,,True,0.5
1556,32.942309,-117.173495,5607.1,122.0,5.333,150,,,,True,1.1
1558,32.942272,-117.173401,5616.5,122.2,5.15,149,,,,True,1.7
1559,32.942254,-117.173353,5621.5,122.4,5.129,148,,,,True,2.1
1560,32.942242,-117.173306,5626.1,122.4,4.76,148,,,,True,1.4
1562,32.942233,-117.173211,5635.1,122.6,4.667,147,,,,True,0.0
1564,32.942223,-117.173102,5645.1,122.6,4.72,147,,,,True,-0.4
1568,32.942161,-117.172926,5663.1,122.4,4.667,147,,,,True,-1.4
1570,32.942074,-117.172944,5672.1,122.2,4.5,147,,,,True,-1.2
1571,32.942028,-117.172966,5677.4,122.0,4.614,147,,,,True,-1.6
1574,32.941896,-117.173046,5694.3,122.0,5.2,150,,,,True,-1.6
1575,32.941855,-117.173081,5699.5,121.8,5.48,151,,,,True,-0.5
1577,32.941775,-117.173149,5710.1,121.6,5.45,152,,,,True,1.2
1579,32.941694,-117.173196,5719.9,121.8,5.12,153,,,,True,1.5
1581,32.941625,-117.173176,5727.9,122.4,4.733,153,,,,True,1.6
1584,32.941595,-117.173057,5738.8,122.4,3.78,153,,,,True,1.7
1591,32.941488,-117.172699,5774.4,122.6,4.65,155,,,,True,1.9
1592,32.941476,-117.172654,5778.8,122.8,5.0,155,,,,True,1.4
1597,32.941467,-117.172422,5800.9,123.8,4.417,156,,,,True,1.0
1602,32.941468,-117.172163,5824.7,123.6,4.59,157,,,,True,0.0
1604,32.9415,-117.172044,5835.9,123.2,5.0,156,,,,True,-2.1
1606,32.941562,-117.171948,5847.3,122.8,5.156,156,,,,True,-1.7
1608,32.941638,-117.171861,5858.7,122.6,5.667,156,,,,True,-1.0
1610,32.941739,-117.171793,5871.5,122.8,5.933,157,,,,True,1.0
1611,32.941789,-117.171766,5877.6,122.8,6.06,157,,,,True,2.0
1613,32.941883,-117.171721,5889.2,123.2,6.1,158,,,,True,2.7
1615,32.941954,-117.171661,5898.9,123.4,5.48,158,,,,True,2.9
1617,32.942027,-117.171609,5908.0,123.8,5.067,158,,,,True,2.6
1621,32.942173,-117.171503,5926.7,124.2,4.633,161,,,,True,2.7
1623,32.942212,-117.171423,5935.0,124.4,4.5,164,,,,True,2.0
1625,32.942217,-117.17133,5943.5,124.6,4.438,164,,,,True,2.7
1626,32.942209,-117.171283,5947.8,124.6,4.22,165,,,,True,5.0
1628,32.942197,-117.171194,5956.4,125.0,4.28,166,,,,True,6.1
1630,32.942183,-117.171125,5963.1,125.8,3.92,166,,,,True,7.0
1631,32.942172,-117.17109,5966.5,126.0,3.74,166,,,,True,5.2
1635,32.942152,-117.170953,5979.1,126.8,3.2,165,,,,True,1.4
1637,32.942083,-117.170914,5987.3,126.6,3.467,166,,,,True,-2.6
1638,32.942041,-117.170911,5991.6,126.2,3.586,166,,,,True,-5.3
1642,32.941849,-117.170896,6013.1,124.8,5.16,166,,,,True,-5.7
1644,32.941747,-117.170898,6024.5,124.4,5.483,166,,,,True,-5.2
1646,32.941639,-117.170896,6036.4,123.8,5.6,166,,,,True,-4.9
1648,32.941524,-117.170914,6049.1,123.2,6.0,166,,,,True,-5.1
1650,32.941406,-117.17094,6062.5,122.4,6.333,166,,,,True,-5.3
1653,32.941229,-117.171014,6083.2,121.4,6.82,166,,,,True,-5.5
1655,32.941116,-117.171077,6097.3,120.6,6.96,165,,,,True,-4.1
1656,32.941062,-117.171108,6104.0,120.2,6.917,165,,,,True,-3.7
1660,32.940846,-117.171228,6130.5,119.6,6.64,163,,,,True,-1.5
1661,32.940796,-117.171266,6136.9,119.4,6.58,163,,,,True,-0.5
1665,32.94059,-117.1714,6162.8,119.6,6.46,160,,,,True,1.5
1668,32.940444,-117.171479,6180.9,119.8,6.286,156,,,,True,2.9
1671,32.940332,-117.17155,6195.1,120.6,5.383,154,,,,True,5.2
1674,32.940236,-117.171594,6206.3,121.4,4.233,153,,,,True,7.4
1678,32.940127,-117.171665,6220.1,122.6,3.571,153,,,,True,7.5
1682,32.940042,-117.171743,6232.1,123.6,3.225,154,,,,True,7.7
1683,32.940021,-117.17176,6235.0,123.6,2.98,154,,,,True,7.1
1688,32.939923,-117.171839,6248.1,124.6,2.667,158,,,,True,4.1
1689,32.939903,-117.171858,6250.9,124.8,2.65,159,,,,True,2.9
1697,32.939738,-117.17204,6276.2,125.4,3.122,162,,,,True,1.1
1703,32.939613,-117.172219,6297.8,125.4,3.35,163,,,,True,-0.7
1704,32.939595,-117.172261,6302.1,125.2,3.7,163,,,,True,-3.4
1706,32.939571,-117.172365,6312.2,124.4,4.0,163,,,,True,-6.4
1707,32.939567,-117.172421,6317.3,124.0,4.11,163,,,,True,-5.3
1708,32.939568,-117.172482,6322.9,123.8,5.02,164,,,,True,-0.6
1709,32.939573,-117.172542,6328.6,123.8,5.3,164,,,,True,2.2
1712,32.939584,-117.172712,6344.8,124.2,5.5,166,,,,True,2.8
1714,32.939583,-117.1728,6353.0,124.8,4.88,168,,,,True,2.4
1717,32.939574,-117.172938,6366.1,125.0,4.26,169,,,,True,-1.1
1718,32.939563,-117.172986,6370.7,124.8,4.317,169,,,,True,-5.1
1720,32.93952,-117.173096,6381.8,123.8,4.8,169,,,,True,-10.0
1721,32.939491,-117.173161,6388.5,123.0,5.071,169,,,,True,-10.3
1722,32.93946,-117.173239,6396.2,122.0,6.02,168,,,,True,-10.1
1724,32.939383,-117.173396,6413.4,120.4,7.117,168,,,,True,-8.9
1725,32.939341,-117.173467,6421.5,119.8,7.94,168,,,,True,-6.4
1726,32.939297,-117.173532,6429.1,119.4,8.12,168,,,,True,-3.9
1727,32.939248,-117.173589,6436.6,119.4,8.08,168,,,,True,-1.4
1728,32.939195,-117.173638,6444.0,119.2,7.967,168,,,,True,2.7
1729,32.939142,-117.173671,6450.6,119.4,7.44,168,,,,True,3.7
1733,32.938942,-117.173752,6474.2,120.6,6.04,167,,,,True,5.0
1734,32.938896,-117.173759,6479.3,121.0,5.74,166,,,,True,4.6
1735,32.938852,-117.173761,6484.4,121.2,5.633,162,,,,True,3.0
1738,32.938727,-117.173745,6498.4,121.6,4.84,159,,,,True,0.7
1740,32.938644,-117.173735,6507.4,121.6,4.6,158,,,,True,0.4
1747,32.938395,-117.173718,6535.5,121.4,4.122,157,,,,True,0.0
1748,32.938381,-117.173736,6537.5,121.4,3.763,157,,,,True,0.0
1751,32.938314,-117.173791,6545.9,121.6,3.5,157,,,,True,1.3
1752,32.93829,-117.173784,6548.5,121.6,2.6,154,,,,True,1.2
1753,32.938277,-117.173758,6551.2,121.6,2.74,152,,,,True,-2.0
1754,32.938266,-117.173731,6553.8,121.6,2.717,152,,,,True,-3.0
1759,32.938242,-117.173603,6566.0,121.2,2.467,151,,,,True,-6.7
1763,32.938246,-117.173593,6568.5,121.0,1.633,150,,,,True,-5.2
1765,32.938252,-117.173591,6569.1,120.4,0.517,149,,,,True,-25.0
1767,32.938249,-117.173596,6569.1,120.8,0.388,150,,,,False,-31.3
1768,32.938249,-117.173596,6569.2,120.6,0.14,147,,,,False,-25.0
1774,32.938249,-117.173596,6569.2,120.4,0.014,150,,,,False,-25.0
1778,32.938249,-117.173596,6569.2,120.4,0.0,148,,,,False,-47.1
1786,32.938249,-117.173596,6569.2,120.2,0.0,145,,,,False,-21.8
1788,32.938249,-117.173596,6569.2,120.2,0.0,144,,,,False,-10.7
1799,32.938249,-117.173596,6569.2,120.4,0.0,143,,,,False,-11.3
1806,32.938249,-117.173596,6569.2,120.0,0.0,143,,,,False,-10.0
1810,32.938249,-117.173596,6569.2,119.6,0.0,140,,,,False,-4.1
1811,32.938249,-117.173592,6569.2,119.4,0.0,139,,,,False,-2.8
1813,32.938249,-117.173584,6569.4,119.6,0.029,138,,,,False,-1.4
1817,32.938254,-117.173598,6571.5,120.2,0.383,139,,,,True,0.0
1818,32.938251,-117.173589,6571.5,120.0,0.42,139,,,,False,4.1
1820,32.938221,-117.173581,6573.7,119.8,0.614,138,,,,True,-1.6
1823,32.938197,-117.173628,6579.1,119.8,1.52,138,,,,True,2.2
1825,32.938221,-117.173668,6583.7,120.0,2.0,138,,,,True,0.5
1827,32.938249,-117.173724,6589.7,120.4,2.286,138,,,,True,0.7
1833,32.938305,-117.173937,6610.6,120.0,3.363,140,,,,True,0.3
1840,32.938333,-117.174252,6640.4,120.2,3.9,143,,,,True,0.3
1841,32.938339,-117.174293,6644.2,120.2,4.2,145,,,,True,1.1
1845,32.938334,-117.174468,6660.1,120.6,3.94,145,,,,True,0.7
1846,32.938313,-117.174506,6664.1,120.6,3.98,145,,,,True,-1.7
1847,32.938284,-117.174547,6668.8,120.4,4.1,144,,,,True,-4.9
1849,32.938194,-117.174583,6678.9,119.6,4.337,145,,,,True,-5.4
1850,32.938144,-117.174581,6684.8,119.4,4.94,144,,,,True,-4.4
1851,32.938098,-117.174574,6689.9,119.2,5.16,144,,,,True,-4.1
1853,32.938002,-117.174562,6700.5,119.0,5.283,143,,,,True,-6.0
1856,32.937843,-117.174558,6718.3,118.0,5.68,144,,,,True,-3.5
1858,32.937718,-117.174566,6731.5,116.6,6.2,143,,,,True,-1.6
1863,32.937427,-117.174578,6764.1,116.6,6.543,142,,,,True,0.5
1867,32.937232,-117.174599,6785.9,117.6,6.044,142,,,,True,0.9
1870,32.937105,-117.174607,6799.9,118.4,5.114,145,,,,True,0.3
1874,32.936927,-117.174639,6819.6,117.4,4.814,144,,,,True,-2.7
1875,32.936883,-117.174669,6825.2,116.8,5.06,144,,,,True,-6.0
1876,32.936836,-117.174696,6830.5,116.4,5.1,143,,,,True,-7.2
1878,32.936758,-117.174675,6839.8,116.0,4.988,143,,,,True,-9.8
1881,32.936659,-117.174549,6855.5,114.8,5.0,141,,,,True,-13.5
1882,32.936619,-117.174497,6861.9,113.2,5.233,140,,,,True,-17.9
1883,32.936576,-117.174444,6868.9,111.2,5.82,140,,,,True,-20.4
1884,32.936525,-117.174403,6875.5,109.6,5.95,140,,,,True,-15.1
1886,32.936415,-117.174362,6887.9,108.2,6.48,140,,,,True,-9.4
1888,32.936301,-117.174365,6900.4,107.4,6.3,140,,,,True,-4.7
1890,32.936204,-117.174409,6911.4,107.2,5.983,140,,,,True,-0.4
1892,32.936132,-117.174497,6922.7,107.4,5.8,140,,,,True,2.0
1894,32.936084,-117.174609,6934.4,108.0,5.667,140,,,,True,4.7
1895,32.936053,-117.174647,6939.6,108.2,5.64,140,,,,True,1.9
1897,32.93601,-117.174671,6945.8,108.8,4.62,142,,,,True,-3.4
1900,32.935928,-117.174708,6954.9,108.0,3.06,145,,,,True,-4.5
1902,32.935851,-117.174752,6963.9,107.0,3.62,146,,,,True,-6.4
1904,32.935754,-117.174755,6974.9,106.6,4.157,146,,,,True,-5.1
1905,32.935711,-117.174773,6980.1,106.6,5.04,146,,,,True,-3.2
1907,32.935631,-117.174827,6990.0,106.2,5.22,147,,,,True,-3.2
1908,32.93559,-117.174847,6994.9,106.0,5.167,147,,,,True,-1.7
1909,32.935548,-117.174863,6999.9,105.8,5.0,149,,,,True,1.3
1912,32.935423,-117.174913,7014.4,106.0,4.88,151,,,,True,2.7
1917,32.935251,-117.174988,7034.8,106.8,4.363,151,,,,True,3.5
1918,32.935215,-117.174984,7038.9,107.2,4.083,150,,,,True,-1.0
1921,32.935152,-117.174972,7046.1,107.4,3.522,151,,,,True,-8.0
1925,32.935082,-117.17501,7055.0,105.6,2.3,153,,,,True,-13.5
1926,32.935062,-117.175004,7057.2,105.0,2.22,152,,,,True,-21.6
1927,32.93504,-117.174998,7059.7,104.4,2.267,152,,,,True,-19.2
1929,32.934981,-117.175018,7066.5,103.0,2.55,152,,,,True,-19.2
1930,32.934944,-117.175033,7070.6,102.6,3.12,152,,,,True,-21.3
1931,32.934907,-117.175047,7074.9,101.6,3.54,152,,,,True,-22.1
1932,32.934863,-117.175046,7079.4,100.2,3.94,152,,,,True,-23.1
1934,32.934792,-117.175081,7088.2,98.2,4.34,152,,,,True,-20.4
1935,32.934763,-117.175078,7091.4,97.8,4.16,153,,,,True,-18.3
1937,32.934711,-117.175014,7099.4,96.6,4.0,153,,,,True,-17.4
1939,32.934637,-117.174978,7107.8,95.0,3.92,153,,,,True,-18.0
1940,32.934598,-117.175001,7112.4,94.0,4.2,153,,,,True,-15.0
1941,32.934565,-117.175038,7117.0,93.2,4.267,153,,,,True,-11.1
1943,32.934504,-117.175144,7128.8,92.2,4.9,153,,,,True,-8.9
1945,32.934419,-117.17524,7141.9,91.2,5.9,153,,,,True,-6.9
1946,32.934369,-117.175277,7148.5,90.8,6.3,154,,,,True,-5.0
1947,32.93432,-117.175314,7154.9,90.6,6.317,153,,,,True,0.0
1948,32.934278,-117.175355,7160.9,90.6,6.42,153,,,,True,1.1
1951,32.934146,-117.175467,7178.7,91.2,6.04,154,,,,True,2.5
1952,32.934113,-117.175514,7184.4,91.2,5.9,154,,,,True,3.1
1954,32.934054,-117.175601,7194.9,91.6,5.667,154,,,,True,3.3
1955,32.934031,-117.175641,7199.5,91.8,5.514,154,,,,True,2.3
1956,32.934031,-117.175681,7203.3,92.0,4.92,154,,,,True,1.0
1958,32.934052,-117.175764,7210.9,91.8,4.417,154,,,,True,-2.0
1959,32.93403,-117.175804,7215.1,91.8,4.04,154,,,,True,-6.9
1960,32.933999,-117.175842,7219.6,91.4,4.02,155,,,,True,-10.2
1962,32.933951,-117.175926,7229.4,90.2,4.35,154,,,,True,-12.5
1964,32.93395,-117.176023,7238.3,89.0,4.64,154,,,,True,-13.6
1965,32.933979,-117.176056,7242.2,88.4,4.52,154,,,,True,-14.0
1966,32.934008,-117.176084,7246.1,87.8,4.417,154,,,,True,-15.1
1967,32.934009,-117.176124,7249.4,87.4,4.0,154,,,,True,-17.2
1968,32.933977,-117.176147,7252.9,86.8,3.917,154,,,,True,-19.7
1970,32.933992,-117.176206,7258.5,85.6,3.26,155,,,,True,-20.1
1971,32.93401,-117.176235,7261.3,84.8,3.04,156,,,,True,-19.2
1972,32.933997,-117.176263,7264.3,84.4,2.98,157,,,,True,-19.7
1973,32.933965,-117.176274,7267.5,84.0,2.92,160,,,,True,-19.6
1975,32.933954,-117.176324,7272.7,82.8,2.84,162,,,,True,-21.8
1976,32.933958,-117.176359,7275.6,82.0,2.86,163,,,,True,-26.1
1977,32.93393,-117.176385,7279.0,81.2,2.94,163,,,,True,-25.6
1978,32.933925,-117.176428,7282.8,80.0,3.06,163,,,,True,-25.4
1979,32.933942,-117.176461,7286.0,79.4,3.083,163,,,,True,-23.4
1980,32.93394,-117.176502,7289.8,78.4,3.42,163,,,,True,-18.8
1981,32.933918,-117.176554,7294.4,77.6,3.76,164,,,,True,-18.8
1982,32.933889,-117.176605,7299.8,76.8,4.16,163,,,,True,-15.9
1983,32.933896,-117.176648,7304.1,76.0,4.26,163,,,,True,-13.1
1984,32.933917,-117.176677,7307.4,75.6,4.28,164,,,,True,-11.2
1987,32.934025,-117.176755,7320.3,74.2,4.1,163,,,,True,-10.2
1988,32.934042,-117.176803,7324.9,74.0,4.16,163,,,,True,-12.3
1989,32.934053,-117.176854,7329.6,73.4,4.44,163,,,,True,-15.1
1990,32.934043,-117.176893,7333.4,72.4,4.333,163,,,,True,-18.5
1991,32.934011,-117.176923,7337.5,71.6,4.3,163,,,,True,-15.2
1992,32.933977,-117.17694,7341.1,71.0,4.16,162,,,,True,-6.9
1994,32.933935,-117.176993,7348.0,70.6,3.68,162,,,,True,-3.8
1997,32.933948,-117.177117,7359.4,70.6,3.66,162,,,,True,-2.2
1998,32.933956,-117.177165,7364.0,70.6,3.817,162,,,,True,-1.3
1999,32.933946,-117.177214,7368.5,70.4,4.1,161,,,,True,-2.4
2001,32.933948,-117.177329,7379.5,70.2,4.5,161,,,,True,-1.9
2002,32.933955,-117.177386,7384.8,70.0,5.08,160,,,,True,-1.0
2004,32.933963,-117.177501,7395.4,70.0,5.38,157,,,,True,1.4
2007,32.933976,-117.177662,7410.6,70.0,5.16,158,,,,True,2.0
2011,32.933976,-117.177791,7422.7,70.8,3.9,156,,,,True,1.1
2012,32.933961,-117.177804,7424.5,70.8,2.78,156,,,,True,-0.8
2015,32.933886,-117.177797,7432.5,70.4,2.737,155,,,,True,-8.3
2016,32.933848,-117.177787,7436.6,69.8,2.78,155,,,,True,-8.6
2018,32.933792,-117.177696,7446.7,68.8,3.7,155,,,,True,-8.6
2020,32.933711,-117.177648,7457.2,68.0,4.94,155,,,,True,-7.1
2021,32.933667,-117.177621,7462.6,67.8,5.2,155,,,,True,-4.5
2022,32.933627,-117.177606,7467.5,67.6,5.15,156,,,,True,-4.0
2024,32.933555,-117.177544,7477.6,67.4,5.15,155,,,,True,-4.1
2025,32.933526,-117.177504,7482.4,67.0,5.04,156,,,,True,-4.9
2026,32.933487,-117.177487,7487.0,66.8,4.88,155,,,,True,-7.5
2027,32.933444,-117.177473,7491.9,66.4,4.88,155,,,,True,-6.8
2028,32.933409,-117.177454,7496.3,66.0,4.8,155,,,,True,-8.6
2030,32.933331,-117.177422,7505.9,65.4,4.7,154,,,,True,-9.3
2031,32.933299,-117.177388,7510.3,64.8,4.66,154,,,,True,-10.7
2032,32.933264,-117.177347,7515.5,64.2,4.72,154,,,,True,-11.4
2033,32.933217,-117.177326,7520.7,63.4,4.88,154,,,,True,-10.6
2034,32.93316,-117.177322,7527.0,63.0,5.117,154,,,,True,-9.3
2035,32.933108,-117.177307,7533.0,62.4,5.42,154,,,,True,-7.2
2037,32.933046,-117.17727,7541.3,61.8,5.16,153,,,,True,-8.2
2038,32.933002,-117.177272,7545.7,61.6,5.0,153,,,,True,-6.3
2040,32.932903,-117.177275,7556.1,60.6,4.62,150,,,,True,-5.6
2042,32.932798,-117.177262,7567.9,60.2,5.32,150,,,,True,-4.5
2043,32.932747,-117.177244,7573.7,60.0,5.6,151,,,,True,-2.8
2045,32.932647,-117.177194,7585.5,59.8,5.88,151,,,,True,-2.7
2046,32.932602,-117.177164,7591.6,59.6,5.917,151,,,,True,-2.3
2047,32.932562,-117.177126,7597.4,59.4,5.9,151,,,,True,-0.7
2049,32.932487,-117.177029,7609.0,59.2,5.883,150,,,,True,4.5
2050,32.93244,-117.176987,7615.5,59.6,6.0,151,,,,True,8.9
2052,32.932395,-117.17695,7622.6,61.0,5.04,151,,,,True,17.0
2053,32.932379,-117.176946,7624.5,61.8,4.517,151,,,,True,19.2
2054,32.932367,-117.176926,7626.6,62.2,3.52,151,,,,True,11.9
2056,32.932336,-117.17689,7631.1,62.6,2.6,151,,,,True,-2.6
2057,32.932307,-117.176878,7634.4,62.4,2.36,151,,,,True,-5.4
2060,32.932201,-117.176833,7647.2,61.2,3.433,151,,,,True,-11.2
2061,32.932147,-117.176816,7652.6,60.8,4.3,151,,,,True,-11.6
2062,32.932085,-117.176789,7659.6,59.4,5.04,150,,,,True,-13.6
2063,32.93202,-117.176777,7667.1,58.6,5.45,150,,,,True,-11.4
2064,32.931953,-117.176751,7675.1,57.4,5.814,150,,,,True,-6.1
2065,32.931898,-117.176715,7682.3,57.4,7.02,150,,,,True,-4.4
2067,32.931785,-117.176663,7695.6,57.2,7.2,150,,,,True,-1.6
2069,32.931669,-117.176646,7708.3,56.8,6.64,151,,,,True,0.0
2070,32.931623,-117.176668,7713.6,56.8,6.26,151,,,,True,0.0
2074,32.931463,-117.176763,7732.9,57.4,4.92,152,,,,True,0.6
2075,32.931411,-117.176772,7738.5,57.2,4.98,151,,,,True,-1.5
2076,32.931362,-117.176757,7744.0,57.0,5.067,152,,,,True,-3.6
2078,32.931294,-117.176681,7754.5,56.2,5.112,151,,,,True,-2.3
2083,32.931134,-117.176544,7777.9,55.8,4.843,151,,,,True,-2.0
2086,32.931034,-117.176606,7789.8,56.0,4.413,152,,,,True,-0.9
2087,32.930998,-117.176585,7794.4,56.0,4.433,155,,,,True,0.0
2088,32.930969,-117.176551,7798.5,55.8,4.12,158,,,,True,-2.4
2089,32.930945,-117.176516,7802.9,55.8,4.167,159,,,,True,-3.1
2090,32.930918,-117.176502,7806.2,55.6,4.043,159,,,,True,-3.4
2092,32.930848,-117.176525,7813.6,55.4,3.84,160,,,,True,-4.3
2094,32.930772,-117.176551,7822.0,55.0,3.82,161,,,,True,-3.6
2096,32.930695,-117.176525,7831.0,54.6,4.133,162,,,,True,-3.4
2098,32.930625,-117.176488,7839.4,54.4,4.3,162,,,,True,0.0
2099,32.93059,-117.176502,7843.2,54.4,4.24,162,,,,True,4.3
2103,32.930451,-117.176587,7860.4,55.0,4.2,162,,,,True,5.3
2107,32.93035,-117.176544,7873.1,56.4,3.738,161,,,,True,3.2
2112,32.930223,-117.176481,7888.2,57.0,3.089,159,,,,True,2.2
2118,32.93003,-117.176387,7911.5,56.6,3.491,158,,,,True,0.3
2121,32.929924,-117.17638,7923.1,56.4,3.878,159,,,,True,-1.8
2123,32.929842,-117.176361,7932.3,56.6,4.16,160,,,,True,-2.8
2125,32.929745,-117.176358,7942.9,56.0,4.486,160,,,,True,-4.3
2127,32.929651,-117.176397,7953.9,55.4,5.133,160,,,,True,-5.3
2130,32.929533,-117.176478,7969.2,54.4,5.26,160,,,,True,-4.7
2133,32.929408,-117.176563,7985.0,53.8,5.183,160,,,,True,-2.2
2136,32.929272,-117.176647,8002.0,53.2,5.467,160,,,,True,-0.6
2141,32.929073,-117.17678,8027.7,53.8,5.337,158,,,,True,-0.3
2142,32.929035,-117.176795,8032.1,54.0,5.017,157,,,,True,0.4
2145,32.92892,-117.176831,8044.9,53.6,4.767,156,,,,True,0.0
2147,32.928826,-117.176871,8055.9,53.4,4.76,156,,,,True,-2.1
2150,32.928692,-117.176911,8071.5,53.8,5.32,156,,,,True,-0.9
2157,32.928362,-117.177007,8109.0,52.4,5.31,156,,,,True,-1.2
2163,32.928104,-117.177051,8138.3,52.8,5.138,155,,,,True,-2.1
2166,32.927979,-117.177083,8152.0,52.2,4.778,155,,,,True,-1.2
2167,32.927947,-117.177116,8156.6,52.0,4.76,155,,,,True,-0.5
2168,32.927923,-117.177157,8161.1,51.8,4.56,154,,,,True,2.5
2173,32.927836,-117.17734,8181.1,52.6,4.083,151,,,,True,4.0
2174,32.927826,-117.177366,8184.1,53.0,3.833,151,,,,True,7.9
2175,32.927817,-117.17739,8186.4,53.2,3.614,150,,,,True,8.8
2178,32.927791,-117.177468,8194.0,54.4,2.58,150,,,,True,6.7
2182,32.927746,-117.177586,8206.2,54.8,2.829,149,,,,True,6.8
2187,32.927662,-117.177691,8219.7,55.4,2.856,150,,,,True,3.6
2191,32.92765,-117.177697,8221.7,55.6,1.722,150,,,,True,0.0
2200,32.92765,-117.177697,8221.7,55.4,0.154,149,,,,False,0.0
2206,32.927649,-117.177694,8222.5,54.8,0.053,150,,,,False,-3.4
2212,32.927637,-117.177694,8222.9,55.4,0.1,153,,,,False,-2.7
2213,32.927636,-117.177694,8223.3,55.4,0.114,153,,,,True,-3.1
2215,32.927627,-117.177679,8224.9,55.4,0.267,156,,,,True,-3.4
2216,32.927629,-117.177671,8225.5,55.2,0.3,156,,,,True,-5.2
2220,32.927696,-117.17761,8234.5,55.0,1.92,157,,,,True,-5.3
2224,32.927769,-117.17747,8250.2,54.0,3.088,157,,,,True,-5.9
2225,32.92779,-117.177425,8254.9,53.8,4.08,157,,,,True,-7.1
2227,32.927829,-117.177314,8266.0,52.8,4.5,156,,,,True,-7.1
2229,32.927887,-117.177182,8279.6,51.8,5.88,157,,,,True,-6.6
2230,32.927927,-117.177122,8286.8,51.4,6.38,157,,,,True,-4.1
2232,32.928016,-117.177026,8300.2,50.8,6.84,158,,,,True,-1.9
2235,32.92815,-117.176882,8319.8,50.6,6.6,157,,,,True,-1.5
2237,32.928221,-117.176782,8332.2,50.8,6.4,155,,,,True,-2.3
2239,32.92823,-117.176686,8341.5,50.6,5.9,154,,,,True,-3.4
2241,32.928236,-117.176571,8351.8,49.6,5.333,153,,,,True,-0.7
2243,32.928276,-117.17649,8360.9,49.2,4.783,153,,,,True,-0.4
2249,32.928408,-117.176268,8385.9,50.4,4.263,156,,,,True,1.7
2250,32.928435,-117.176225,8390.8,50.4,4.271,156,,,,True,2.9
2252,32.92849,-117.17615,8400.2,50.4,4.367,159,,,,True,0.7
2254,32.928549,-117.176079,8409.4,50.6,4.7,162,,,,True,1.7
2255,32.928578,-117.176048,8413.9,50.6,4.62,162,,,,True,1.7
2258,32.928654,-117.175953,8426.2,51.0,4.333,161,,,,True,1.1
2266,32.928807,-117.175639,8460.1,51.4,4.2,160,,,,True,1.1
2271,32.928944,-117.175451,8483.5,51.4,4.408,156,,,,True,0.0
2272,32.928973,-117.175414,8488.1,51.4,4.667,156,,,,True,-0.3
2278,32.929142,-117.175219,8514.5,51.0,4.429,156,,,,True,-0.2
2283,32.929288,-117.175028,8538.3,51.2,4.564,155,,,,True,0.0
2289,32.929497,-117.174838,8567.5,51.2,4.818,156,,,,True,0.7
2292,32.929577,-117.174716,8582.0,51.4,4.856,156,,,,True,0.9
2295,32.929671,-117.174612,8596.2,51.6,4.783,157,,,,True,1.6
2297,32.92973,-117.174544,8605.4,51.8,4.68,157,,,,True,1.6
2303,32.929882,-117.174335,8631.3,52.2,4.387,157,,,,True,1.8
2309,32.930011,-117.174119,8656.1,52.6,4.225,158,,,,True,2.2
2311,32.930048,-117.174055,8663.3,52.8,4.0,158,,,,True,3.0
2315,32.930109,-117.173919,8677.8,53.4,3.617,155,,,,True,3.8
2319,32.930179,-117.173799,8691.8,54.0,3.563,154,,,,True,4.2
2324,32.930259,-117.173641,8708.6,54.6,3.422,153,,,,True,3.5
2326,32.930294,-117.17358,8715.7,55.0,3.414,153,,,,True,3.5
2333,32.930403,-117.173354,8740.0,55.6,3.489,155,,,,True,3.0
2336,32.930454,-117.173272,8749.7,56.0,3.4,156,,,,True,2.0
2340,32.930533,-117.173165,8762.8,56.2,3.257,156,,,,True,1.3
2344,32.930593,-117.173028,8777.2,56.2,3.438,159,,,,True,-0.3
2346,32.930619,-117.172949,8785.2,56.2,3.733,158,,,,True,-1.4
2351,32.930702,-117.172723,8808.4,55.8,4.457,161,,,,True,-2.3
2353,32.93075,-117.17263,8818.3,55.4,4.729,161,,,,True,-2.9
2355,32.930795,-117.172539,8828.7,55.0,4.833,160,,,,True,-3.9
2356,32.930812,-117.17249,8833.5,54.8,5.02,160,,,,True,-3.8
2358,32.930855,-117.172383,8844.4,54.4,5.22,160,,,,True,-2.6
2359,32.930873,-117.172328,8850.1,54.2,5.3,160,,,,True,-1.9
2362,32.930934,-117.172166,8866.5,54.0,5.5,160,,,,True,-2.1
2367,32.931036,-117.171887,8895.1,53.6,5.625,157,,,,True,-1.8
2368,32.931061,-117.171835,8900.6,53.2,5.683,157,,,,True,-0.7
2369,32.93109,-117.171788,8906.0,53.2,5.643,158,,,,True,1.7
2373,32.9312,-117.171632,8925.1,53.6,4.9,157,,,,True,3.4
2377,32.931307,-117.171516,8941.2,54.4,4.4,154,,,,True,4.0
2379,32.931362,-117.17148,8948.2,54.8,3.85,152,,,,True,4.8
2380,32.931388,-117.171466,8951.4,55.0,3.757,152,,,,True,4.2
2386,32.931527,-117.171335,8971.0,55.8,3.257,152,,,,True,3.8
2390,32.931588,-117.171215,8984.0,56.2,3.26,151,,,,True,3.1
2392,32.931598,-117.171146,8990.4,56.4,3.233,151,,,,True,2.5
2400,32.931624,-117.170872,9016.5,57.0,3.25,152,,,,True,1.8
2403,32.931645,-117.17077,9026.4,57.2,3.273,152,,,,True,1.5
2406,32.931662,-117.170644,9038.2,57.2,3.617,155,,,,True,0.0
2407,32.931669,-117.170599,9042.3,57.2,3.686,156,,,,True,-0.3
2413,32.931755,-117.170331,9069.3,57.0,4.443,157,,,,True,-0.5
2421,32.931961,-117.170027,9105.8,57.0,4.536,159,,,,True,0.1
2430,32.932222,-117.169674,9149.6,56.6,4.724,158,,,,True,0.9
2438,32.932459,-117.169422,9185.2,57.4,4.671,156,,,,True,1.3
2443,32.932613,-117.169319,9204.6,58.2,4.231,154,,,,True,2.0
2445,32.932673,-117.169271,9212.6,58.4,3.914,154,,,,True,1.1
2449,32.932791,-117.169143,9230.2,58.2,4.267,155,,,,True,-0.4
2451,32.93286,-117.16908,9240.1,58.0,4.583,155,,,,True,-1.9
2453,32.932931,-117.169014,9250.1,58.0,4.688,154,,,,True,-2.4
2456,32.933022,-117.168882,9266.1,57.4,5.2,154,,,,True,-3.6
2457,32.933048,-117.16883,9271.9,57.2,5.3,154,,,,True,-4.4
2460,32.933144,-117.168671,9289.9,56.2,5.686,153,,,,True,-2.1
2461,32.933186,-117.16863,9295.8,56.0,5.94,153,,,,True,-0.3
2466,32.933357,-117.168411,9323.8,56.2,5.65,154,,,,True,1.8
2471,32.933543,-117.168297,9347.2,57.0,5.14,153,,,,True,1.9
2476,32.933678,-117.16813,9368.8,57.6,4.5,154,,,,True,2.2
2481,32.93379,-117.167928,9391.3,57.8,4.41,154,,,,True,1.9
2482,32.933818,-117.167892,9396.1,57.8,4.55,154,,,,True,0.4
2483,32.933841,-117.167856,9400.6,58.0,4.543,153,,,,True,0.0
2487,32.933957,-117.167715,9418.7,57.8,4.52,150,,,,True,-0.5
2488,32.93399,-117.167677,9423.8,57.8,4.64,149,,,,True,0.0
2490,32.934044,-117.167595,9433.7,57.6,4.729,149,,,,True,0.5
2494,32.934137,-117.16743,9452.2,58.0,4.733,147,,,,True,0.4
2496,32.934163,-117.167332,9461.8,58.0,4.683,146,,,,True,0.9
2498,32.934206,-117.167233,9472.2,58.0,4.813,146,,,,True,-1.3
2499,32.934235,-117.16719,9477.3,58.0,5.02,146,,,,True,-1.7
2503,32.934369,-117.167024,9498.8,57.4,5.32,146,,,,True,-1.8
2505,32.934411,-117.16692,9509.4,57.2,5.35,147,,,,True,-0.9
2508,32.934467,-117.166747,9526.7,57.0,5.58,147,,,,True,0.4
2515,32.934558,-117.166343,9565.9,57.2,5.65,149,,,,True,0.8
2522,32.934605,-117.16599,9599.5,57.8,5.2,149,,,,True,1.4
2524,32.934619,-117.1659,9607.9,58.0,4.667,150,,,,True,1.9
2529,32.934702,-117.165693,9629.4,58.4,4.271,150,,,,True,1.3
2537,32.934835,-117.165375,9662.6,59.0,4.208,151,,,,True,0.8
2540,32.934869,-117.165228,9676.7,58.8,4.3,152,,,,True,0.5
2542,32.934868,-117.165131,9685.8,58.6,4.64,153,,,,True,0.4
2547,32.934908,-117.164919,9706.5,58.8,4.257,154,,,,True,1.4
2550,32.93494,-117.164802,9717.8,59.2,4.0,154,,,,True,1.5
2554,32.934991,-117.164659,9732.3,59.6,3.686,155,,,,True,2.2
2560,32.935067,-117.164452,9753.5,59.6,3.57,156,,,,True,2.4
2564,32.935105,-117.164293,9769.1,60.2,3.68,154,,,,True,1.1
2566,32.935125,-117.164216,9776.5,60.6,3.833,154,,,,True,0.0
2573,32.935202,-117.163903,9807.1,60.4,4.222,155,,,,True,-1.1
2581,32.935297,-117.163521,9844.3,59.6,4.52,156,,,,True,-1.3
2585,32.935365,-117.163326,9864.1,59.2,4.75,155,,,,True,-0.6
2589,32.935416,-117.163129,9883.4,59.2,4.888,156,,,,True,0.6
2596,32.935494,-117.162796,9915.8,59.8,4.7,155,,,,True,1.5
2602,32.935559,-117.162566,9938.5,60.2,4.238,152,,,,True,2.1
2604,32.935574,-117.162491,9945.5,60.4,3.713,151,,,,True,1.3
2610,32.935615,-117.162334,9961.2,60.8,2.838,148,,,,True,0.3
2616,32.93569,-117.162163,9978.9,60.6,2.783,146,,,,True,-0.5
2622,32.935753,-117.161983,9997.5,60.4,3.025,144,,,,True,-0.9
2628,32.935886,-117.161803,10020.0,60.0,3.425,144,,,,True,-0.5
2635,32.936126,-117.161662,10049.5,60.0,4.0,144,,,,True,-0.3
2637,32.936171,-117.161584,10058.0,60.2,4.222,143,,,,True,1.5
2639,32.936173,-117.161485,10066.9,60.2,4.264,144,,,,True,2.6
2644,32.936224,-117.161271,10088.2,61.0,4.314,143,,,,True,2.6
2648,32.936227,-117.161102,10103.9,61.4,4.111,144,,,,True,2.9
2652,32.936199,-117.160941,10119.3,61.8,3.887,145,,,,True,2.2
2653,32.936211,-117.160904,10123.0,61.8,3.82,145,,,,True,0.4
2656,32.936214,-117.1608,10132.8,62.0,3.612,146,,,,True,-1.7
2661,32.936189,-117.160581,10153.4,61.6,3.8,146,,,,True,-1.7
2664,32.936245,-117.160458,10166.3,61.0,4.188,149,,,,True,-1.8
2665,32.936269,-117.160417,10170.8,61.0,4.222,152,,,,True,0.0
2670,32.936397,-117.160287,10189.9,61.0,3.933,150,,,,True,1.4
2676,32.936479,-117.160255,10200.1,61.6,2.664,152,,,,True,1.5
2679,32.936555,-117.160201,10209.1,61.6,2.133,151,,,,True,2.4
2683,32.936637,-117.160073,10224.5,61.8,3.486,150,,,,True,1.3
2687,32.936709,-117.15993,10240.0,62.2,3.862,150,,,,True,1.8
2692,32.936724,-117.159717,10260.0,62.4,3.944,149,,,,True,2.2
2693,32.93674,-117.159678,10264.2,62.6,4.033,150,,,,True,2.0
2697,32.936789,-117.159537,10278.4,63.0,3.68,151,,,,True,1.8
2700,32.936716,-117.159455,10289.3,63.2,3.586,151,,,,True,1.7
2701,32.936703,-117.159419,10292.6,63.0,3.55,152,,,,True,0.0
2703,32.936704,-117.159336,10300.3,63.2,3.65,152,,,,True,0.0
2708,32.936708,-117.159122,10320.3,63.0,3.957,153,,,,True,0.4
2712,32.936743,-117.158949,10337.1,63.2,4.089,156,,,,True,-0.5
2714,32.936758,-117.15886,10345.5,63.2,4.2,158,,,,True,-0.3
2721,32.936831,-117.158528,10377.6,62.8,4.5,161,,,,True,-1.3
2722,32.936847,-117.158478,10382.5,62.8,4.625,160,,,,True,-1.6
2728,32.936969,-117.158178,10413.8,62.2,5.171,161,,,,True,-1.7
2729,32.936993,-117.158127,10419.1,62.0,5.229,161,,,,True,-2.0
2734,32.937115,-117.157876,10446.3,61.6,5.417,161,,,,True,-1.4
2735,32.937142,-117.157827,10451.8,61.4,5.45,161,,,,True,-1.0
2741,32.937282,-117.157515,10484.8,61.2,5.5,158,,,,True,0.2
2743,32.937331,-117.15741,10496.0,61.2,5.525,157,,,,True,0.8
2749,32.937449,-117.157113,10526.8,61.8,5.25,154,,,,True,1.9
2750,32.937464,-117.157066,10531.6,62.0,5.086,155,,,,True,2.2
2754,32.937535,-117.156918,10547.9,62.4,4.22,154,,,,True,2.0
2755,32.93757,-117.156901,10551.8,62.4,4.04,155,,,,True,2.0
2756,32.937603,-117.156865,10556.6,62.4,4.167,155,,,,True,2.1
2757,32.937629,-117.156819,10561.5,62.6,4.271,155,,,,True,2.4
2758,32.937651,-117.156771,10566.6,62.8,4.375,155,,,,True,2.0
2760,32.937687,-117.156668,10577.2,63.0,5.08,155,,,,True,1.7
2764,32.937759,-117.15647,10597.3,63.2,5.117,154,,,,True,1.4
2769,32.937832,-117.156232,10621.1,63.6,4.878,157,,,,True,1.1
2770,32.937846,-117.156186,10625.6,63.6,4.717,157,,,,True,1.1
2771,32.937871,-117.156144,10630.1,63.6,4.686,157,,,,True,0.0
2772,32.937905,-117.156116,10634.4,63.6,4.638,157,,,,True,0.9
2773,32.937946,-117.156103,10639.1,63.6,4.644,158,,,,True,1.7
2775,32.938025,-117.156107,10647.8,63.8,4.44,158,,,,True,2.2
2779,32.938166,-117.156019,10665.6,64.2,4.417,158,,,,True,2.7
2783,32.938291,-117.155959,10680.5,64.6,4.088,158,,,,True,3.3
2784,32.93831,-117.155929,10683.9,64.8,3.66,158,,,,True,3.6
2788,32.938365,-117.155806,10697.0,65.4,3.3,158,,,,True,3.6
2792,32.938442,-117.155701,10709.8,65.8,3.237,159,,,,True,3.8
2795,32.938487,-117.155624,10719.0,66.0,3.143,160,,,,True,4.3
2801,32.938598,-117.15551,10735.9,66.8,2.9,161,,,,True,4.4
2804,32.938655,-117.155474,10743.3,67.4,2.7,158,,,,True,2.6
2807,32.938706,-117.155414,10750.9,67.6,2.5,158,,,,True,1.5
2813,32.938815,-117.155226,10772.6,67.4,3.256,161,,,,True,1.4
2814,32.938808,-117.15519,10776.3,67.4,3.629,161,,,,True,2.5
2817,32.938804,-117.155088,10785.6,68.0,3.47,162,,,,True,7.3
2819,32.93882,-117.155027,10791.5,68.6,3.04,163,,,,True,9.4
2821,32.938837,-117.154968,10797.2,69.2,2.986,163,,,,True,5.4
2824,32.938871,-117.15491,10804.0,70.0,2.5,164,,,,True,3.5
2829,32.938915,-117.154761,10818.7,69.8,2.688,166,,,,True,2.2
2835,32.938965,-117.154579,10836.8,70.2,2.982,165,,,,True,1.4
2843,32.938987,-117.154311,10861.7,70.6,3.071,166,,,,True,2.1
2848,32.938985,-117.154141,10877.7,71.0,3.146,166,,,,True,2.4
2850,32.938999,-117.154072,10884.4,71.2,3.243,165,,,,True,2.5
2854,32.939034,-117.153959,10895.9,71.6,3.033,165,,,,True,2.6
2861,32.939139,-117.153762,10917.5,72.0,3.009,162,,,,True,2.3
2863,32.939179,-117.153724,10923.2,72.2,3.033,162,,,,True,2.1
2868,32.939271,-117.153633,10936.5,72.4,2.714,160,,,,True,1.7
2874,32.939411,-117.153578,10952.3,72.8,2.645,158,,,,True,1.4
2878,32.939509,-117.153626,10964.2,72.8,2.77,155,,,,True,2.0
2879,32.939529,-117.153646,10967.0,72.8,2.94,155,,,,True,2.3
2882,32.939579,-117.153727,10976.4,73.2,3.013,155,,,,True,5.5
2886,32.939631,-117.153828,10987.7,73.6,2.957,154,,,,True,3.0
2888,32.939658,-117.153877,10993.2,74.4,2.8,154,,,,True,2.6
2893,32.939723,-117.154005,11007.0,74.0,2.757,154,,,,True,3.7
2898,32.939843,-117.154083,11022.2,74.4,2.9,152,,,,True,2.7
2903,32.939964,-117.154098,11036.0,75.4,2.9,153,,,,True,6.5
2904,32.939985,-117.154094,11038.3,75.6,2.683,153,,,,True,9.3
2908,32.94007,-117.154086,11047.3,76.6,2.26,154,,,,True,10.3
2910,32.940113,-117.154087,11052.4,77.2,2.35,155,,,,True,10.9
2913,32.940174,-117.154091,11059.3,77.8,2.4,157,,,,True,9.1
2918,32.940267,-117.154082,11069.6,79.0,2.15,160,,,,True,8.2
2923,32.940362,-117.154087,11080.1,79.6,2.08,163,,,,True,8.3
2925,32.940397,-117.15408,11084.1,79.8,2.071,164,,,,True,4.2
2926,32.940413,-117.154074,11085.8,80.0,2.025,164,,,,True,1.4
2931,32.940515,-117.154036,11097.9,80.2,2.3,165,,,,True,2.1
2937,32.940727,-117.154099,11122.5,80.2,3.336,165,,,,True,2.0
2943,32.940903,-117.154108,11141.8,81.0,3.658,166,,,,True,3.6
2944,32.940926,-117.154113,11144.6,81.2,3.157,166,,,,True,6.1
2948,32.941009,-117.154127,11153.9,82.2,2.42,166,,,,True,5.2
2952,32.94108,-117.154146,11162.1,82.6,2.188,167,,,,True,5.1
2958,32.941193,-117.154089,11176.2,82.8,2.23,166,,,,True,2.7
