id,name,type,sport_type,start_date_local,distance_km,moving_time_min,elapsed_time_min,total_elevation_gain_m,average_speed_kmh,max_speed_kmh,average_heartrate,max_heartrate,average_watts,max_watts,suffer_score,calories,average_cadence,start_latlng,city,state,country,gear_id,trainer,commute,manual,achievement_count,kudos_count,comment_count,athlete_count,pr_count,map_id
17747599312,Pre heat wave,Ride,MountainBikeRide,2026-03-16 14:41:45,10.227,43.68,45.82,151.0,14.05,31.56,138.3,180.0,110.0,,57.0,,,"32.941353,-117.154081",,,,b16859878,False,False,False,17,0,0,1,5,a17747599312
17737669486,Afternoon Pickleball,Workout,Pickleball,2026-03-15 14:47:25,2.658,85.33,140.78,0.0,1.87,9.84,99.5,205.0,,,14.0,,60.8,"32.940033,-117.150334",,,,,False,False,False,0,1,0,1,0,a17737669486
17720646169,Morning Run,Run,Run,2026-03-14 07:38:42,5.946,33.05,34.72,32.0,10.8,16.13,152.4,171.0,273.9,358,73.0,,82.7,"32.941376,-117.154034",,,,g27182744,False,False,False,0,8,0,1,0,a17720646169
17688915985,Lunch Mountain Bike Ride,Ride,MountainBikeRide,2026-03-11 11:28:01,4.229,33.9,50.07,193.0,7.48,27.72,139.6,181.0,103.4,,44.0,,,"32.96534,-117.078906",,,,b16859878,False,False,False,0,8,0,2,0,a17688915985
17666825326,Lifting at the Y,WeightTraining,WeightTraining,2026-03-09 16:47:51,,32.77,32.77,0,,,91.0,134.0,,,4.0,,,,,,,,True,False,False,0,6,3,1,0,a17666825326
17655055083,Afternoon Pickleball,Workout,Pickleball,2026-03-08 15:03:07,1.887,59.1,121.98,0.0,1.92,20.59,106.6,140.0,,,11.0,,58.0,"32.940098,-117.150465",,,,,False,False,False,0,3,2,1,0,a17655055083
17629239068,Afternoon Mountain Bike Ride,Ride,MountainBikeRide,2026-03-06 13:27:48,10.513,42.45,43.55,142.0,14.86,30.53,133.4,169.0,103.2,,42.0,,,"32.941317,-117.154069",,,,b16859878,False,False,False,0,3,0,2,0,a17629239068
17607052106,Benign snake,Ride,MountainBikeRide,2026-03-04 14:04:11,12.508,57.2,62.2,212.0,13.12,25.78,140.1,174.0,104.2,,76.0,,,"32.941373,-117.154032",,,,b16859878,False,False,False,19,4,0,2,8,a17607052106
17581772817,Ooh that's nature,Ride,MountainBikeRide,2026-03-02 14:18:26,11.664,48.75,54.62,179.0,14.36,35.14,141.5,170.0,109.3,,71.0,,,"32.941349,-117.154042",,,,b16859878,False,False,False,11,5,2,1,2,a17581772817
17571283335,Cul-de-sac Pickleball,Workout,Pickleball,2026-03-01 15:55:52,0.904,23.7,28.13,0.0,2.29,11.52,98.9,126.0,,,3.0,,60.7,"32.953949,-117.220727",,,,,False,False,False,0,3,0,1,0,a17571283335
17546635309,Well F that,Run,Run,2026-02-27 14:58:23,6.116,35.92,36.62,41.0,10.22,15.7,156.6,171.0,265.6,395,88.0,,80.7,"32.94129,-117.154064",,,,g27182744,False,False,False,0,4,0,1,0,a17546635309
17525116626,Splish splash,Ride,MountainBikeRide,2026-02-25 16:00:52,11.653,54.08,59.2,176.0,12.93,28.22,136.9,173.0,96.1,,64.0,,,"32.941392,-117.15408",,,,b16859878,False,False,False,22,5,3,2,9,a17525116626
17499958239,Belly Full of Banh Mi,Run,TrailRun,2026-02-23 15:01:22,3.893,30.87,30.98,169.0,7.57,14.04,146.2,171.0,218.8,362,49.0,,77.5,"32.992447,-117.116216",,,,g27182744,False,False,False,1,4,0,2,0,a17499958239
17464878777,Belly full of pasties,Run,Run,2026-02-20 15:26:39,4.215,24.77,24.77,10.0,10.21,14.9,143.5,159.0,262.6,350,38.0,,84.5,"43.652439,-84.252643",,,,g27182744,False,False,False,0,4,0,2,0,a17464878777
17450984483,Vacation Legs,Run,Run,2026-02-19 08:59:17,9.937,55.02,55.42,18.0,10.84,14.98,148.3,159.0,276.6,347,99.0,,82.9,"43.652363,-84.252659",,,,g27182744,False,False,False,0,6,0,1,0,a17450984483
17430929649,Basically the Winter Olympics,IceSkate,IceSkate,2026-02-17 13:14:59,,26.38,26.38,0,,,81.4,115.0,,,2.0,,,,,,,,True,False,False,0,7,0,1,0,a17430929649
17420151205,Snow Snake 🐍,AlpineSki,AlpineSki,2026-02-16 12:06:07,4.5,47.98,193.22,382.8,5.63,36.29,89.3,126.0,,,6.0,,,"43.959609,-84.78157",,,,,False,False,False,0,12,2,1,0,a17420151205
17389121226,Cobbles up shitz down,Ride,MountainBikeRide,2026-02-13 15:19:45,10.576,41.35,41.78,156.0,15.35,32.04,146.6,173.0,116.8,,75.0,,,"32.941337,-117.154053",,,,b16859878,False,False,False,25,6,0,1,6,a17389121226
17369060575,Shosh's jaunt,Run,Run,2026-02-11 17:05:47,1.001,11.05,29.05,9.0,5.43,12.67,109.1,139.0,49.0,296,1.0,,80.0,"32.941251,-117.153769",,,,g27182744,False,False,False,0,4,0,1,0,a17369060575
17369060708,Afternoon Run,Run,Run,2026-02-11 16:43:50,3.78,20.03,20.03,28.0,11.32,14.33,150.6,169.0,292.8,383,42.0,,82.3,"32.94128,-117.154045",,,,g27182744,False,False,False,2,5,0,1,2,a17369060708
17344245205,Lunch Mountain Bike Ride,Ride,MountainBikeRide,2026-02-09 12:40:08,15.1,73.72,86.98,246.0,12.29,51.9,138.3,172.0,98.9,,89.0,,,"32.941328,-117.154098",,,,b16859878,False,False,False,19,5,0,2,10,a17344245205
17311215360,Post nap,Ride,MountainBikeRide,2026-02-06 15:14:04,9.374,35.93,37.73,133.0,15.65,27.86,143.7,167.0,119.6,,57.0,,,"32.941308,-117.154044",,,,b16859878,False,False,False,14,9,0,1,10,a17311215360
17277275872,Afternoon Mountain Bike Ride,Ride,MountainBikeRide,2026-02-03 13:31:42,10.945,51.58,54.95,153.0,12.73,28.14,134.2,167.0,92.5,,51.0,,,"32.941323,-117.154033",,,,b16859878,False,False,False,13,4,0,2,9,a17277275872
17265695405,Afternoon Run,Run,Run,2026-02-02 14:21:42,5.999,33.33,33.33,53.0,10.8,13.82,155.6,168.0,281.5,384,78.0,,80.9,"32.941256,-117.154018",,,,g27182744,False,False,False,2,7,0,1,0,a17265695405
17240467413,Morning Run,Run,Run,2026-01-31 08:11:19,5.434,30.23,30.62,35.0,10.78,14.26,148.5,163.0,279.0,402,52.0,,83.1,"32.941373,-117.153983",,,,g27182744,False,False,False,1,8,0,1,0,a17240467413
17221198167,Lunch Pickleball,Workout,Pickleball,2026-01-29 12:39:56,1.684,38.27,40.4,0.0,2.64,13.02,116.8,141.0,,,10.0,,60.1,"32.940038,-117.150507",,,,,False,False,False,0,6,0,1,0,a17221198167
17209882598,Lunch Mountain Bike Ride,Ride,MountainBikeRide,2026-01-28 11:54:58,10.348,44.25,47.5,163.0,14.03,32.11,139.5,171.0,109.6,,60.0,,,"32.941322,-117.154031",,,,b16859878,False,False,False,19,3,0,1,11,a17209882598
17186048703,Morning Run,Run,Run,2026-01-26 10:59:11,7.428,41.4,41.62,52.0,10.76,14.83,160.2,176.0,279.3,370,116.0,,82.3,"32.94131,-117.154053",,,,g27182744,False,False,False,1,5,0,1,1,a17186048703
17154248773,Afternoon Mountain Bike Ride,Ride,MountainBikeRide,2026-01-23 13:32:49,11.203,55.22,57.15,232.0,12.18,35.71,142.3,168.0,104.8,,76.0,,,"32.93086,-117.176519",,,,b16859878,False,False,False,12,4,0,2,8,a17154248773
17133475520,Conquered my nemesis (a pile of rocks),Ride,MountainBikeRide,2026-01-21 15:02:03,13.109,50.93,54.98,194.0,15.44,39.38,139.7,171.0,116.9,,69.0,,,"32.941342,-117.154024",,,,b16859878,False,False,False,12,6,1,1,5,a17133475520
17105616058,Morning Run,Run,Run,2026-01-19 08:46:13,5.891,32.47,32.63,37.0,10.89,14.04,149.9,164.0,276.7,357,61.0,,82.8,"32.941299,-117.153983",,,,g27182744,False,False,False,0,6,0,1,0,a17105616058
17086215860,Desert temps,Ride,MountainBikeRide,2026-01-17 13:53:17,9.98,41.7,43.48,171.0,14.36,29.66,134.7,191.0,110.5,,46.0,,,"32.941377,-117.154092",,,,b16859878,False,False,False,27,5,0,1,8,a17086215860
17050258784,Natick,Run,Run,2026-01-14 13:26:01,6.495,33.47,34.72,43.0,11.65,15.34,153.9,175.0,300.4,411,77.0,,83.7,"42.299077,-71.351853",,,,g27182744,False,False,False,1,6,0,1,0,a17050258784
17013589978,Boston,Run,Run,2026-01-11 09:10:49,7.397,39.07,39.57,55.0,11.36,14.83,155.7,164.0,293.4,434,93.0,,85.2,"42.284041,-71.164175",,,,g27182744,False,False,False,0,9,3,2,0,a17013589978
16983880586,Black Widow,Ride,MountainBikeRide,2026-01-08 13:07:57,5.894,44.97,54.47,248.0,7.87,33.91,138.1,171.0,96.7,,53.0,,,"32.971189,-117.11742",,,,b16859878,False,False,False,5,8,0,2,3,a16983880586
16962192534,Afternoon Mountain Bike Ride,Ride,MountainBikeRide,2026-01-06 14:36:39,3.204,27.22,31.85,85.0,7.06,26.93,116.9,161.0,67.4,,15.0,,,"32.989371,-117.130601",,,,b16859878,False,False,False,0,5,0,2,0,a16962192534
16937550555,Bike path westward,Run,Run,2026-01-04 08:22:12,9.706,54.55,54.55,104.0,10.67,14.26,155.8,167.0,277.8,375,130.0,,82.1,"32.941392,-117.154031",,,,g27182744,False,False,False,1,5,0,1,0,a16937550555
16906604558,Jan 1,Run,Run,2026-01-01 12:22:43,3.281,19.78,19.78,69.0,9.95,13.1,142.4,161.0,267.0,362,26.0,,81.7,"32.953912,-117.220781",,,,g27182744,False,False,False,0,5,0,2,0,a16906604558
16877644684,Back in Black (Mountain),Ride,MountainBikeRide,2025-12-29 11:43:31,7.78,50.37,60.78,245.0,9.27,26.5,141.3,171.0,95.6,,71.0,,,"32.971125,-117.117698",,,,b16859878,False,False,False,10,7,0,2,5,a16877644684
16856866927,SR 56 Bike path loop,Run,Run,2025-12-27 08:51:23,8.326,45.68,46.2,132.0,10.94,15.26,153.1,169.0,287.8,419,98.0,,82.3,"32.941305,-117.154005",,,,g27182744,False,False,False,3,5,0,1,3,a16856866927
16839004071,Xmas strut,Run,Run,2025-12-25 10:36:06,5.254,30.87,30.87,53.0,10.21,13.46,144.5,159.0,268.8,386,49.0,,81.6,"32.941366,-117.154063",,,,g27182744,False,False,False,0,5,0,2,0,a16839004071
16823815926,Before the rains,Run,Run,2025-12-23 12:47:21,6.053,34.5,34.52,43.0,10.53,13.54,155.4,167.0,271.3,347,78.0,,81.6,"32.94143,-117.154026",,,,g21225297,False,False,False,0,6,0,1,0,a16823815926
16805157207,Sightseeing,Ride,MountainBikeRide,2025-12-21 08:49:34,15.832,76.08,85.07,311.0,12.48,31.61,134.9,165.0,103.4,,80.0,,,"32.941285,-117.154056",,,,b16859878,False,False,False,18,6,0,1,5,a16805157207
16779747713,☀️,Run,Run,2025-12-18 12:21:01,7.114,39.8,40.05,38.0,10.72,14.47,159.4,176.0,274.7,356,113.0,,81.4,"32.941334,-117.153973",,,,g27182744,False,False,False,0,4,0,1,0,a16779747713
16762009669,Lunch Mountain Bike Ride,Ride,MountainBikeRide,2025-12-16 12:47:25,10.381,48.22,54.45,183.0,12.92,45.72,135.8,168.0,104.8,,58.0,,,"32.941307,-117.154092",,,,b16859878,False,False,False,11,4,0,2,6,a16762009669
16733936554,Made my first Strava segment,Run,Run,2025-12-13 10:21:37,9.719,54.42,54.42,133.0,10.72,15.26,161.1,174.0,281.5,397,160.0,,81.9,"32.941305,-117.153988",,,,g27182744,False,False,False,4,7,2,1,4,a16733936554
16717153451,Black Mountain,Ride,MountainBikeRide,2025-12-11 13:11:06,8.51,53.52,63.0,235.0,9.54,27.58,146.7,176.0,92.5,,92.0,,,"32.971136,-117.117599",,,,b16859878,False,False,False,0,6,0,2,0,a16717153451
16698174428,New Tunnel who dis,Ride,MountainBikeRide,2025-12-09 13:23:49,9.31,42.05,44.18,137.0,13.28,47.81,139.8,167.0,101.1,,55.0,,,"32.94126,-117.15407",,,,b16859878,False,False,False,9,4,0,2,3,a16698174428
16678438900,Back on the ground,Run,Run,2025-12-07 09:24:38,12.991,72.03,75.93,117.0,10.82,14.9,160.1,175.0,277.7,405,204.0,,83.3,"32.941396,-117.154042",,,,g27182744,False,False,False,6,8,0,1,2,a16678438900
16661044384,Flat stuff,Ride,MountainBikeRide,2025-12-05 15:14:36,9.908,34.97,36.52,73.0,17.0,31.61,141.1,174.0,114.1,,49.0,,,"32.941451,-117.154062",,,,b16859878,False,False,False,0,7,1,1,0,a16661044384
16641755010,Cobbles-Appendix-Cobbles,Ride,MountainBikeRide,2025-12-03 10:49:12,10.049,43.67,52.0,167.0,13.81,29.3,134.9,175.0,106.4,,52.0,,,"32.941313,-117.154048",,,,b16859878,False,False,False,24,4,0,1,23,a16641755010
16613108930,Mission Trails,Ride,MountainBikeRide,2025-11-30 08:58:18,14.388,92.2,109.3,469.0,9.36,37.73,135.1,171.0,97.2,,98.0,,,"32.824983,-117.076312",,,,b16859878,False,False,False,0,8,0,2,0,a16613108930
16583983137,Gobble gobble,Run,Run,2025-11-27 08:19:49,8.429,48.4,49.25,59.0,10.45,16.42,153.5,172.0,271.7,412,103.0,,82.1,"32.941342,-117.154003",,,,g27182744,False,False,False,0,4,0,1,0,a16583983137
16566814795,Ruts,Ride,MountainBikeRide,2025-11-25 13:24:47,11.846,50.28,54.43,184.0,14.13,36.86,142.4,180.0,109.6,,75.0,,,"32.941329,-117.154097",,,,b16859878,False,False,False,22,6,1,2,5,a16566814795
16555570256,Back to the canyon,Run,Run,2025-11-24 11:22:17,7.274,43.65,43.73,57.0,10.0,13.32,159.5,171.0,263.6,464,121.0,,82.0,"32.941304,-117.154063",,,,g21225297,False,False,False,0,2,0,1,0,a16555570256
16548631026,Family Ride around Lake Miramar!,Ride,Ride,2025-11-23 15:29:01,8.468,65.32,79.65,22.0,7.78,16.99,86.5,115.0,16.2,,8.0,,,"32.913765,-117.099234",,,,,False,False,False,0,6,3,1,0,a16548631026
16528641285,Afternoon Run,Run,Run,2025-11-21 15:42:35,6.195,35.1,36.08,77.0,10.59,14.62,146.6,168.0,278.0,404,58.0,,82.2,"32.941286,-117.154019",,,,g27182744,False,False,False,0,6,0,2,0,a16528641285
16510088534,Finding running buddies on Facebook,Run,Run,2025-11-19 15:20:48,4.215,32.0,32.27,67.0,7.9,11.23,132.3,150.0,212.4,314,21.0,,78.0,"32.984161,-117.091744",,,,g27182744,False,False,False,0,7,0,1,0,a16510088534
16490146571,Afternoon Run,Run,Run,2025-11-17 16:05:53,4.675,25.05,25.1,61.0,11.2,14.4,151.2,162.0,298.5,391,49.0,,81.2,"32.941304,-117.154007",,,,g27182744,False,False,False,2,3,0,1,2,a16490146571
16467268760,Morning Run,Run,Run,2025-11-15 08:23:02,4.995,28.33,28.33,90.0,10.58,14.11,151.2,162.0,285.1,376,54.0,,81.1,"32.941423,-117.154014",,,,g27182744,False,False,False,0,2,0,1,0,a16467268760
16439907879,Afternoon Mountain Bike Ride,Ride,MountainBikeRide,2025-11-12 13:00:13,10.884,42.42,44.97,128.0,15.4,32.4,138.4,171.0,107.6,,50.0,,,"32.94136,-117.154044",,,,b16859878,False,False,False,9,4,0,2,7,a16439907879
16407097204,Silver Strand 12k,Run,Run,2025-11-09 07:40:09,12.062,62.17,62.17,20.0,11.64,24.34,162.4,180.0,289.5,497,188.0,,85.2,"32.687597,-117.191578",,,,g20583632,False,False,False,0,9,2,26,0,a16407097204
16376266387,Morning Run,Run,Run,2025-11-06 09:30:11,6.237,34.55,34.83,27.0,10.83,14.04,151.0,164.0,277.2,375,67.0,,83.0,"32.941378,-117.154021",,,,g20583632,False,False,False,1,5,0,1,0,a16376266387
16357945377,Afternoon Mountain Bike Ride,Ride,MountainBikeRide,2025-11-04 14:36:27,12.928,57.75,60.67,183.0,13.43,44.06,133.0,168.0,98.4,,54.0,,,"32.941392,-117.154054",,,,b16859878,False,False,False,16,5,0,2,5,a16357945377
16334243912,Miriam woke us up at 5am,Run,Run,2025-11-02 08:03:26,7.117,40.12,46.1,12.0,10.65,21.82,150.0,173.0,274.4,509,74.0,,83.5,"32.965133,-117.150231",,,,g20583632,False,False,False,3,9,2,1,1,a16334243912
16307025368,Oof,Run,Run,2025-10-30 15:09:01,7.249,42.78,43.17,76.0,10.17,15.12,159.3,180.0,265.8,387,117.0,,82.2,"32.941426,-117.154007",,,,g20583632,False,False,False,1,4,1,1,0,a16307025368
16286705212,Hills are hard when biking also,Ride,MountainBikeRide,2025-10-28 13:59:46,14.904,68.32,75.55,257.0,13.09,34.85,142.0,175.0,110.8,,100.0,,,"32.941338,-117.154042",,,,b16859878,False,False,False,11,5,0,2,10,a16286705212
16264578149,Same old (not so) boring route,Run,Run,2025-10-26 08:25:27,14.06,78.8,82.4,115.0,10.71,15.84,149.6,164.0,273.3,414,145.0,,84.2,"32.941315,-117.153948",,,,g20583632,False,False,False,4,6,3,1,0,a16264578149
16245269228,Copycat route + some exploring,Ride,MountainBikeRide,2025-10-24 13:37:13,12.557,51.13,56.67,204.0,14.73,38.45,149.3,180.0,117.0,,101.0,,,"32.941345,-117.154095",,,,b16859878,False,False,False,11,3,0,1,8,a16245269228
16226325332,Oops double hill,Run,Run,2025-10-22 13:29:43,8.863,55.68,56.37,178.0,9.55,14.54,162.4,176.0,256.8,450,175.0,,81.8,"32.941346,-117.154032",,,,g21225297,False,False,False,1,9,2,1,0,a16226325332
16193726212,One stride,Run,Run,2025-10-19 09:37:30,0.084,0.28,0.28,0.0,17.79,20.45,147.1,148.0,209.7,484,0.0,,105.3,,,,,g20583632,False,False,False,0,0,0,1,0,a16193726212
16193726551,High tide adventure,Run,Run,2025-10-19 08:20:51,10.684,65.62,69.02,166.0,9.77,16.2,157.2,177.0,262.4,489,160.0,,83.6,"32.935216,-117.260842",,,,g20583632,False,False,False,0,8,4,1,0,a16193726551
16163772959,Lunch Mountain Bike Ride,Ride,MountainBikeRide,2025-10-16 12:33:29,14.116,61.92,65.7,241.0,13.68,46.08,137.4,176.0,110.8,,80.0,,,"32.94123,-117.154098",,,,b16859878,False,False,False,21,3,0,2,9,a16163772959
16131303280,Afternoon Run,Run,Run,2025-10-13 13:32:07,5.657,31.02,32.82,45.0,10.94,15.55,137.3,157.0,289.0,409,31.0,,83.2,"32.941339,-117.154047",,,,g20583632,False,False,False,1,5,0,1,1,a16131303280
16108028771,The black and white goat always sleeps on top of the shed,Run,Run,2025-10-11 08:19:47,9.048,53.37,53.37,135.0,10.17,13.54,153.8,172.0,267.7,396,118.0,,81.6,"32.941407,-117.154039",,,,g20583632,False,False,False,5,6,2,1,1,a16108028771
16089704473,Eastward,Run,Run,2025-10-09 13:33:01,6.755,39.55,41.02,51.0,10.25,15.26,152.5,169.0,267.3,395,82.0,,80.9,"32.941274,-117.154068",,,,g20583632,False,False,False,0,6,0,1,0,a16089704473
16055785287,Lunch Mountain Bike Ride,Ride,MountainBikeRide,2025-10-06 12:24:50,11.283,46.72,48.62,150.0,14.49,27.07,132.3,169.0,104.2,,43.0,,,"32.941384,-117.154082",,,,b16859878,False,False,False,19,5,0,2,13,a16055785287
16035884809,Afternoon Run,Run,Run,2025-10-04 16:47:03,7.209,48.2,49.65,53.0,8.97,12.02,145.6,161.0,233.6,356,74.0,,81.7,"32.940816,-117.154077",,,,g20583632,False,False,False,0,6,0,1,0,a16035884809
16011987800,Alabama Hills wander,Walk,Walk,2025-10-02 09:55:15,0.971,15.3,18.57,34.0,3.81,6.0,98.2,124.0,,,2.0,,56.3,"36.611848,-118.123695",,,,,False,False,False,0,5,0,1,0,a16011987800
16005045227,Mt. Whitney from Whitney Portal and JMT,Hike,Hike,2025-10-01 03:17:14,35.868,720.58,897.87,2058.0,2.99,8.9,118.1,154.0,,,241.0,,55.9,"36.587096,-118.240305",,,,,False,False,False,0,9,6,2,0,a16005045227
15981848869,A stroll from Cottonwood Lakes Trailhead,Hike,Hike,2025-09-29 15:44:03,4.553,58.23,60.08,96.0,4.69,7.1,107.6,135.0,,,11.0,,56.6,"36.453339,-118.169776",,,,,False,False,False,0,7,0,2,0,a15981848869
15970769691,E-cargo bike adventure,EBikeRide,EBikeRide,2025-09-28 15:59:17,8.828,37.17,56.03,135.0,14.25,50.04,89.7,124.0,64.1,,5.0,,,"32.941371,-117.154027",,,,,False,False,False,0,8,0,1,0,a15970769691
15957424988,Afternoon Run,Run,Run,2025-09-27 13:02:01,4.878,27.77,27.97,32.0,10.54,14.18,151.3,167.0,275.8,395,55.0,,82.4,"32.941288,-117.153973",,,,g20583632,False,False,False,0,7,0,1,0,a15957424988
15933790797,Morning Run,Run,Run,2025-09-25 09:02:17,6.145,35.03,35.13,41.0,10.52,13.97,149.4,166.0,270.6,363,64.0,,83.2,"32.941278,-117.154",,,,g20583632,False,False,False,0,3,0,1,0,a15933790797
15915731576,Afternoon Mountain Bike Ride,Ride,MountainBikeRide,2025-09-23 15:45:20,13.041,54.08,57.5,197.0,14.47,29.59,134.5,169.0,,,54.0,,,"32.941419,-117.154078",,,,b16859878,False,False,False,7,5,0,2,5,a15915731576
15892648301,Mt. Woodson (and Potato Chip Rock),Hike,Hike,2025-09-21 10:16:07,12.063,163.63,185.3,658.0,4.42,7.13,106.6,151.0,,,39.0,,57.4,"33.006483,-117.013814",,,,g21225297,False,False,False,0,10,0,2,0,a15892648301
15856120446,Mesa to Cobbles,Run,Run,2025-09-18 09:06:00,9.033,50.87,51.83,116.0,10.66,15.41,163.3,179.0,275.5,451,163.0,,83.1,"32.941304,-117.153967",,,,g21225297,False,False,False,5,6,1,1,1,a15856120446
15835776223,Afternoon Mountain Bike Ride,Ride,MountainBikeRide,2025-09-16 13:28:48,9.193,43.45,53.8,170.0,12.69,26.93,136.6,171.0,,,47.0,,,"32.94136,-117.154081",,,,,False,False,False,8,6,3,2,2,a15835776223
15811410682,Praise the clouds,Run,Run,2025-09-14 07:54:13,16.301,92.53,96.75,155.0,10.57,15.48,156.3,173.0,269.6,408,225.0,,84.6,"32.941363,-117.153962",,,,g20583632,False,False,False,5,11,0,1,2,a15811410682
15788766908,Morning Run,Run,Run,2025-09-12 10:20:59,7.333,42.47,43.03,49.0,10.36,14.11,155.7,172.0,265.2,389,101.0,,82.7,"32.941313,-117.153996",,,,g20583632,False,False,False,3,4,3,1,2,a15788766908
15777530648,Anniversary Ride 🎊🥂,Ride,MountainBikeRide,2025-09-11 09:25:58,12.459,52.07,58.52,131.0,14.36,30.67,131.5,170.0,,,45.0,,,"32.941299,-117.154062",,,,,False,False,False,11,10,2,2,10,a15777530648
15759063373,Catching up,Run,Run,2025-09-09 17:43:29,4.873,37.9,42.5,101.0,7.71,11.88,135.9,169.0,213.6,373,34.0,,79.5,"33.052289,-117.07658",,,,g20583632,False,False,False,0,5,0,1,0,a15759063373
15731964502,Morning Trail Run,Run,TrailRun,2025-09-07 08:26:28,10.414,84.58,92.67,362.0,7.39,13.25,144.4,163.0,201.6,366,121.0,,77.0,"32.971301,-117.118742",,,,g21225297,False,False,False,5,9,0,2,1,a15731964502
15698872837,Lunch Mountain Bike Ride,Ride,MountainBikeRide,2025-09-04 12:20:29,13.085,63.3,68.42,165.0,12.4,28.22,140.8,167.0,,,83.0,,,"32.941391,-117.15406",,,,,False,False,False,7,8,0,1,7,a15698872837
15674562547,Morning Run,Run,Run,2025-09-02 10:56:29,6.496,37.77,40.62,91.0,10.32,14.4,157.0,172.0,269.4,412,96.0,,83.4,"32.941324,-117.154025",,,,g20583632,False,False,False,0,5,0,1,0,a15674562547
15650998179,Morning Run,Run,TrailRun,2025-08-31 07:39:11,14.665,83.47,88.25,142.0,10.54,17.42,163.9,179.0,270.4,418,269.0,,84.7,"32.941353,-117.154018",,,,g21225297,False,False,False,6,10,3,1,2,a15650998179
15618188039,Exploring Black Mountain,Run,TrailRun,2025-08-28 09:33:22,5.977,38.4,40.73,192.0,9.34,17.06,155.1,172.0,254.2,439,91.0,,82.5,"32.971197,-117.11741",,,,g21225297,False,False,False,0,6,0,1,0,a15618188039
15595618952,Post hike shakeout,Run,Run,2025-08-26 10:15:54,6.638,40.68,41.53,35.0,9.79,13.32,144.7,166.0,250.8,352,61.0,,83.2,"32.941249,-117.154047",,,,g21225297,False,False,False,0,9,0,2,0,a15595618952
15575032101,Mt San Jacinto from Marion Trailhead,Hike,Hike,2025-08-24 07:20:49,20.968,370.62,444.25,1364.0,3.39,7.2,125.0,155.0,,,187.0,,55.0,"33.791127,-116.735309",,,,g21225297,False,False,False,0,12,0,2,0,a15575032101
15549040530,It's a dry heat,Run,Run,2025-08-22 09:18:17,7.459,41.63,43.37,47.0,10.75,15.12,166.5,181.0,277.7,411,143.0,,83.5,"32.94128,-117.153972",,,,g21225297,False,False,False,0,7,2,1,0,a15549040530
15526381372,Post drop off run,Run,Run,2025-08-20 08:37:02,8.662,50.1,52.12,103.0,10.38,15.41,156.9,175.0,270.1,390,128.0,,84.3,"32.940614,-117.151869",,,,g20583632,False,False,False,1,8,1,1,1,a15526381372
15492244172,Morning Run,Run,Run,2025-08-17 08:13:48,12.996,73.53,75.7,122.0,10.61,13.54,157.8,172.0,272.6,406,194.0,,83.9,"32.941292,-117.15403",,,,g20583632,False,False,False,0,6,0,1,0,a15492244172
15469675538,Black Mountain via Miner's Loop,Run,TrailRun,2025-08-15 09:17:36,7.09,48.73,54.62,302.0,8.73,15.55,157.7,174.0,246.5,501,128.0,,82.4,"32.992457,-117.116195",,,,g20583632,False,False,False,0,6,0,1,0,a15469675538
15437759832,The mix up day,Ride,MountainBikeRide,2025-08-12 13:35:27,10.033,45.55,47.15,124.0,13.22,24.84,138.4,168.0,,,56.0,,,"32.94129,-117.154033",,,,,False,False,False,4,7,0,1,2,a15437759832
15412464622,"Found Tunnel 4, lost the way out",Run,Run,2025-08-10 07:55:15,10.405,60.12,60.77,154.0,10.39,13.97,161.2,181.0,271.7,381,174.0,,84.6,"32.941329,-117.154096",,,,g20583632,False,False,False,1,7,1,1,1,a15412464622
15378823706,Morning Run,Run,Run,2025-08-07 09:24:35,6.219,34.45,34.45,97.0,10.83,15.98,161.5,183.0,281.8,405,102.0,,84.0,"32.941239,-117.154104",,,,g20583632,False,False,False,1,3,0,1,0,a15378823706
15366161151,Canyon Camp Commute,EBikeRide,EBikeRide,2025-08-06 08:15:27,5.08,21.85,27.9,37.0,13.95,28.08,90.9,109.0,,,3.0,,,"32.941326,-117.154063",,,,,False,True,False,0,7,0,1,0,a15366161151
15358210286,Afternoon Run,Run,Run,2025-08-05 14:43:42,7.68,44.15,45.22,52.0,10.44,14.26,160.4,181.0,273.4,404,126.0,,82.9,"32.941265,-117.154096",,,,g20583632,False,False,False,1,6,0,1,0,a15358210286
15332597624,Del Mar Mesa Loop,Run,Run,2025-08-03 08:14:51,9.729,53.72,53.92,122.0,10.87,14.54,159.6,183.0,280.4,382,153.0,,84.5,"32.941311,-117.154044",,,,g20583632,False,False,False,1,5,0,1,0,a15332597624
15300152060,Mesa attempt,Run,Run,2025-07-31 09:55:11,6.486,36.2,36.87,83.0,10.75,14.54,158.5,177.0,280.9,399,97.0,,84.1,"32.941279,-117.154027",,,,g20583632,False,False,False,1,6,0,1,0,a15300152060
15276095437,🐺🐺🐺🐺🐺,Run,Run,2025-07-29 08:02:17,8.334,46.2,46.83,65.0,10.82,13.97,153.6,171.0,275.8,399,103.0,,83.6,"32.94127,-117.154097",,,,g20583632,False,False,False,0,10,0,1,0,a15276095437
15243572092,Morning Run,Run,Run,2025-07-26 08:07:17,5.665,32.15,32.28,80.0,10.57,14.33,153.8,169.0,275.0,429,70.0,,84.2,"32.941336,-117.153965",,,,g20583632,False,False,False,0,7,0,1,0,a15243572092
15224098343,Exploring with S and 🐶,Walk,Walk,2025-07-24 10:01:35,3.177,67.23,94.33,29.0,2.84,4.92,80.0,114.0,,,7.0,,46.7,"32.941015,-117.154156",,,,,False,False,False,0,5,0,1,0,a15224098343
15222349968,Morning Run,Run,Run,2025-07-24 08:26:44,5.434,30.2,30.37,27.0,10.8,13.39,148.8,168.0,275.3,361,53.0,,83.3,"32.94127,-117.15405",,,,g20583632,False,False,False,0,3,0,1,0,a15222349968
15188151555,New Home Course,Run,Run,2025-07-21 08:34:41,6.473,35.05,36.1,48.0,11.08,14.47,153.2,171.0,283.7,419,76.0,,83.3,"32.941292,-117.154055",,,,g20583632,False,False,False,2,10,0,1,1,a15188151555
15153860417,"See ya later, Massachusetts",Run,Run,2025-07-18 07:06:22,4.96,26.7,28.05,22.0,11.15,14.83,150.6,163.0,289.2,404,52.0,,85.3,"42.391055,-71.140304",,,,g20583632,False,False,False,0,10,3,1,0,a15153860417
15145325163,Miserable moving prep,Run,Run,2025-07-17 10:48:42,5.114,29.0,29.65,103.0,10.58,15.55,164.9,178.0,289.5,389,81.0,,83.9,"42.405534,-71.1458",,,,g20583632,False,False,False,0,3,0,1,0,a15145325163
15099774997,Omni Mt. Washington,Run,Run,2025-07-13 07:34:30,6.066,34.47,35.52,58.0,10.56,16.78,150.2,167.0,271.6,380,54.0,,83.1,"44.25749,-71.439934",,,,g20583632,False,False,False,0,8,0,1,0,a15099774997
15058979007,Variation on a theme,Run,Run,2025-07-09 11:53:29,6.9,41.02,41.02,94.0,10.09,14.83,154.8,168.0,265.1,361,76.0,,82.2,"42.420196,-71.196188",,,,g20583632,False,False,False,0,6,1,1,0,a15058979007
15034834657,Morning Run,Run,Run,2025-07-07 08:31:25,7.05,42.43,43.08,86.0,9.97,13.82,157.1,173.0,262.7,392,85.0,,82.3,"42.420134,-71.196143",,,,g20583632,False,False,False,0,6,0,1,0,a15034834657
15004048003,Midland City Forest 2,Run,Run,2025-07-04 08:09:25,5.051,28.58,29.33,16.0,10.6,13.61,146.3,158.0,267.5,335,39.0,,84.8,"43.683098,-84.255763",,,,g20583632,False,False,False,1,8,0,2,1,a15004048003
14983558202,Midland City Forest,Run,Run,2025-07-02 08:33:47,4.898,28.07,30.05,15.0,10.47,13.82,145.1,170.0,264.5,336,36.0,,83.6,"43.683128,-84.255757",,,,g20583632,False,False,False,0,7,0,2,0,a14983558202
14962065465,Muggy in Michigan,Run,Run,2025-06-30 08:14:32,5.527,30.4,31.25,5.0,10.91,15.84,151.0,164.0,273.7,420,48.0,,83.3,"43.652493,-84.252739",,,,g20583632,False,False,False,0,5,0,1,0,a14962065465
14946304794,Afternoon Run,Run,Run,2025-06-28 17:05:28,6.443,36.5,36.8,72.0,10.59,14.11,154.4,164.0,275.8,378,65.0,,82.5,"42.420154,-71.196144",,,,g20583632,False,False,False,0,4,0,1,0,a14946304794
14934672558,Personal Arboretum Tour,Walk,Walk,2025-06-27 12:26:43,4.169,84.5,111.03,52.0,2.96,5.92,75.8,95.0,,,7.0,,51.1,"42.307344,-71.120152",,,,,False,False,False,0,2,0,2,0,a14934672558
14920581283,Morning Run,Run,Run,2025-06-26 06:23:06,4.877,28.9,29.0,84.0,10.12,13.54,149.3,164.0,271.4,385,44.0,,82.7,"42.420213,-71.19627",,,,g20583632,False,False,False,0,5,0,1,0,a14920581283
14889125042,40 for 40,Run,Run,2025-06-23 06:11:18,7.015,40.02,40.03,89.0,10.52,14.83,156.5,173.0,274.8,388,80.0,,82.8,"42.420232,-71.195961",,,,g20583632,False,False,False,0,10,5,1,0,a14889125042
14871267625,Is this... Cool down? 🦋,Run,Run,2025-06-21 10:29:10,0.325,2.42,2.42,0.0,8.06,11.16,144.8,149.0,207.2,253,3.0,,82.0,,,,,g20583632,False,False,False,0,4,0,1,0,a14871267625
14871267685,"Somerville Road Runners 26x1 Leg 15, 6:27 split",Run,Run,2025-06-21 10:16:40,1.71,6.45,6.45,1.0,15.91,20.52,161.6,172.0,383.7,489,16.0,,91.1,"42.40849,-71.096141",,,,g20583632,False,False,False,3,10,0,13,1,a14871267685
14870548028,Warm Up,Run,Run,2025-06-21 09:32:39,2.56,13.7,13.82,6.0,11.21,13.25,153.2,162.0,284.8,355,23.0,,83.2,"42.408658,-71.095763",,,,g20583632,False,False,False,0,1,0,3,0,a14870548028
14860493001,Forgotten lunch,Ride,Ride,2025-06-20 09:47:39,7.305,24.27,38.52,100.0,18.06,44.64,116.5,157.0,,,7.0,,,"42.420108,-71.196055",,,,,False,True,False,3,7,5,1,3,a14860493001
14840707049,Lunch Run,Run,Run,2025-06-18 12:19:40,5.567,29.18,29.18,12.0,11.44,14.9,158.0,169.0,291.0,373,60.0,,83.2,"42.387452,-71.137326",,,,g20583632,False,False,False,10,5,0,1,9,a14840707049
14810695733,Baldface Circle Trail,Hike,Hike,2025-06-15 08:10:38,16.5,307.37,375.62,1160.0,3.22,6.41,122.0,165.0,,,119.0,,54.1,"44.23752,-71.015123",,,,,False,False,False,0,10,0,2,0,a14810695733
14787457721,Cool down,Run,Run,2025-06-13 11:01:46,1.282,7.52,7.52,5.0,10.23,13.18,153.2,160.0,264.1,361,12.0,,82.9,"42.446115,-71.236415",,,,g20583632,False,False,False,0,2,0,1,0,a14787457721
14787356482,Mile Trial,Run,Run,2025-06-13 10:49:17,1.616,6.77,6.77,0.0,14.33,19.94,171.1,175.0,369.0,471,20.0,,89.0,"42.446068,-71.236231",,,,g20583632,False,False,False,3,7,2,1,1,a14787356482
14787209340,Warm Up,Run,Run,2025-06-13 10:26:33,2.461,13.32,13.5,6.0,11.09,14.98,150.6,161.0,283.8,384,18.0,,82.9,"42.446,-71.235459",,,,g20583632,False,False,False,0,1,0,1,0,a14787209340
14767038719,Lunch Run,Run,Run,2025-06-11 11:08:10,7.285,41.13,41.22,88.0,10.63,15.19,159.2,172.0,281.4,400,79.0,,82.7,"42.420277,-71.196266",,,,g20583632,False,False,False,0,6,0,1,0,a14767038719
14749037770,Picking up the kids,EBikeRide,EBikeRide,2025-06-09 17:18:35,4.784,20.62,35.23,95.0,13.92,28.01,109.3,139.0,,,3.0,,,"42.416365,-71.148384",,,,,False,False,False,3,1,0,1,0,a14749037770
14748770189,Picking up the bike,Run,Run,2025-06-09 16:42:41,5.155,25.3,26.13,29.0,12.23,16.06,155.7,169.0,317.4,444,43.0,,84.1,"42.420195,-71.196129",,,,g20583632,False,False,False,0,4,0,1,0,a14748770189
14727845835,The worst timing choice,Run,Run,2025-06-07 16:33:03,8.087,43.47,45.18,61.0,11.16,15.05,162.6,178.0,287.1,409,96.0,,82.9,"40.803551,-73.96336",,,,g20583632,False,False,False,0,9,0,1,0,a14727845835
14703092929,A true morning run,Run,Run,2025-06-05 06:21:22,6.507,35.82,36.07,37.0,10.9,16.27,151.8,166.0,277.9,434,55.0,,83.2,"42.41494,-71.143848",,,,g20583632,False,False,False,3,9,0,1,2,a14703092929
14695390559,Moving to temporary residence 1,EBikeRide,EBikeRide,2025-06-04 11:39:53,5.158,14.05,15.73,14.0,22.02,38.02,95.2,125.0,,,1.0,,,"42.420259,-71.196059",,,,,False,True,False,0,5,0,1,0,a14695390559
14684306327,Sneaking one in,Run,TrailRun,2025-06-03 11:24:11,5.692,35.5,35.63,137.0,9.62,15.41,155.1,172.0,253.3,401,60.0,,82.2,"42.428187,-71.18665",,,,g20583632,False,False,False,3,5,0,1,3,a14684306327
14656071028,Afternoon Run,Run,Run,2025-05-31 16:41:13,8.882,46.85,47.12,43.0,11.38,14.62,156.9,167.0,287.9,413,79.0,,82.7,"42.420161,-71.196084",,,,g20583632,False,False,False,6,5,0,1,3,a14656071028
14635155783,Orienteering! 🧭,Hike,Hike,2025-05-29 14:38:45,6.242,105.13,117.58,191.0,3.56,9.84,96.0,138.0,,,14.0,,56.3,"42.348705,-71.439729",,,,,False,False,False,0,8,1,1,0,a14635155783
14622279660,Lunch Run,Run,TrailRun,2025-05-28 12:06:31,5.217,28.88,28.88,64.0,10.84,14.26,157.3,170.0,285.7,422,52.0,,82.2,"42.399826,-71.195809",,,,g20583632,False,False,False,0,6,2,1,0,a14622279660
14600057662,Escápe,Run,Run,2025-05-26 09:01:59,8.2,48.4,48.5,109.0,10.17,14.54,150.8,165.0,267.6,403,69.0,,82.2,"42.420103,-71.196147",,,,g20583632,False,False,False,0,10,2,1,0,a14600057662
14591124313,Morning Rock Climb,RockClimbing,RockClimbing,2025-05-25 09:58:00,,12.12,12.12,0,,,81.9,131.0,,,1.0,,,,,,,,True,False,False,0,2,0,1,0,a14591124313
14580053309,Shoshana's Mile,Run,Run,2025-05-24 09:00:18,1.685,20.18,31.25,2.0,5.01,12.38,85.4,120.0,135.4,336,1.0,,68.5,"42.419215,-71.161397",,,,g20583632,False,False,False,9,7,1,1,3,a14580053309
14562441718,Lunch Run,Run,Run,2025-05-22 12:33:11,6.017,30.77,32.8,41.0,11.74,15.34,141.6,160.0,306.0,446,25.0,,84.1,"42.299051,-71.351792",,,,g20583632,False,False,False,1,4,0,1,0,a14562441718
14543067764,Afternoon Run,Run,Run,2025-05-20 14:10:28,6.492,36.4,36.52,94.0,10.7,14.47,151.2,167.0,282.6,401,54.0,,82.5,"42.420156,-71.196116",,,,g20583632,False,False,False,0,5,0,1,0,a14543067764
14519572603,Morning Run,Run,Run,2025-05-18 08:47:26,8.382,47.85,48.52,109.0,10.51,15.41,151.7,169.0,279.9,404,70.0,,82.9,"42.42003,-71.195805",,,,g20583632,False,False,False,0,6,1,1,0,a14519572603
14499476151,Unmotivated and muggy,Run,Run,2025-05-16 11:07:18,6.047,31.77,32.03,56.0,11.42,16.42,154.2,171.0,294.7,387,52.0,,83.2,"42.420146,-71.196108",,,,g20583632,False,False,False,3,8,0,1,1,a14499476151
14479352910,Lunch Run,Run,Run,2025-05-14 11:29:24,7.364,40.9,40.97,87.0,10.8,14.83,155.6,172.0,281.5,417,69.0,,82.5,"42.420111,-71.196154",,,,g20583632,False,False,False,1,3,0,1,0,a14479352910
14449326289,They said they wanted to go to a track!,Run,Run,2025-05-11 13:21:55,0.435,5.07,5.15,1.0,5.16,10.73,117.9,129.0,144.4,309,0.0,,79.4,"42.44596,-71.236177",,,,g20583632,False,False,False,0,3,0,1,0,a14449326289
14447024963,Mother's Day Gift to Myself,Run,Run,2025-05-11 08:56:41,11.359,61.18,61.18,95.0,11.14,14.83,157.5,171.0,289.1,379,113.0,,83.4,"42.447475,-71.263862",,,,g20583632,False,False,False,9,9,0,1,6,a14447024963
14439728601,An unexpected adventure,Hike,Hike,2025-05-10 15:31:51,2.476,41.77,67.73,48.0,3.56,6.98,88.6,127.0,,,4.0,,52.1,"42.426238,-71.196745",,,,,False,False,False,0,3,0,1,0,a14439728601
14428956635,"""Efficient"" CRG",RockClimbing,RockClimbing,2025-05-09 15:55:02,,35.88,35.88,0,,,85.3,137.0,,,3.0,,,,,,,,True,False,False,0,2,0,1,0,a14428956635
14407221512,Lunch Run,Run,Run,2025-05-07 12:36:09,5.501,32.05,32.05,89.0,10.3,16.06,152.7,166.0,274.6,387,49.0,,81.8,"42.42022,-71.196228",,,,g20583632,False,False,False,0,6,0,1,0,a14407221512
14384985088,Morning Run,Run,Run,2025-05-05 09:17:36,7.479,38.88,38.88,39.0,11.54,14.98,157.3,167.0,292.9,413,71.0,,83.4,"42.416996,-71.159026",,,,g20583632,False,False,False,13,8,0,1,2,a14384985088
14357946955,Home Inspection,Run,Run,2025-05-02 13:09:30,4.491,25.22,26.3,21.0,10.68,13.97,145.8,168.0,278.3,400,28.0,,83.5,"32.939787,-117.152369",,,,g20583632,False,False,False,0,10,6,2,0,a14357946955
14337939656,Horseshit and a rattlesnake,Run,Run,2025-04-30 16:11:38,6.488,34.6,34.92,62.0,11.25,14.47,158.7,166.0,296.2,412,64.0,,83.9,"32.940258,-117.213319",,,,g20583632,False,False,False,0,5,0,2,0,a14337939656
14317035008,Yucca and Lizards,Run,Run,2025-04-28 16:08:56,6.475,38.08,42.18,126.0,10.2,15.77,154.0,173.0,270.5,424,60.0,,83.6,"32.954099,-117.221249",,,,g20583632,False,False,False,0,8,0,2,0,a14317035008
14306902876,Smite reunion!,Walk,Walk,2025-04-27 10:51:01,1.77,41.25,63.78,59.0,2.57,5.84,89.2,123.0,,,4.0,,49.9,"32.922988,-117.255822",,,,,False,False,False,0,7,0,3,0,a14306902876
14293920701,Time zone shakeout,Run,Run,2025-04-26 09:50:57,3.227,21.67,23.22,85.0,8.94,14.62,148.1,170.0,261.6,411,25.0,,82.9,"32.954072,-117.221242",,,,g20583632,False,False,False,0,7,0,2,0,a14293920701
14282650915,Morning Run,Run,Run,2025-04-25 10:25:13,7.36,40.97,40.97,86.0,10.78,14.69,156.1,167.0,279.8,382,67.0,,83.6,"42.399858,-71.195779",,,,g20583632,False,False,False,4,6,1,1,4,a14282650915
14267203872,"A long, meandering pick up",EBikeRide,EBikeRide,2025-04-23 17:07:55,8.632,39.65,79.1,114.0,13.06,39.67,102.8,146.0,,,6.0,,,"42.420176,-71.196003",,,,,False,True,False,1,5,0,1,1,a14267203872
14263742555,Errand run,Run,Run,2025-04-23 11:26:47,5.412,28.6,28.6,36.0,11.35,14.47,158.0,166.0,302.2,434,52.0,,83.0,"42.423056,-71.172454",,,,g20583632,False,False,False,1,6,0,1,1,a14263742555
14236835160,Ode to Paul Revere?,Run,Run,2025-04-20 17:27:29,8.093,42.8,43.13,57.0,11.34,16.85,154.7,168.0,301.3,432,72.0,,83.3,"42.426003,-71.19526",,,,g20583632,False,False,False,3,9,1,1,1,a14236835160
14212368773,Morning Run,Run,Run,2025-04-18 07:43:03,4.936,26.15,28.1,61.0,11.33,14.76,154.6,166.0,291.9,397,42.0,,85.4,"42.420092,-71.196138",,,,g20583632,False,False,False,1,8,0,1,1,a14212368773
14197497189,Something is better than nothing,Run,Run,2025-04-16 15:33:59,3.811,20.0,20.12,71.0,11.43,15.91,157.5,169.0,307.3,456,37.0,,83.4,"42.420175,-71.196168",,,,g20583632,False,False,False,1,6,0,1,1,a14197497189
14176357397,Lunch Run,Run,Run,2025-04-14 12:16:47,8.905,47.32,47.87,87.0,11.29,16.13,162.2,171.0,292.4,438,102.0,,83.5,"42.299137,-71.351812",,,,g20583636,False,False,False,0,7,0,1,0,a14176357397
14169972598,Afternoon Weight Training,WeightTraining,WeightTraining,2025-04-13 17:32:32,,27.03,27.03,0,,,78.7,101.0,,,2.0,,,,,,,,True,False,False,0,3,0,1,0,a14169972598
14149432909,Afternoon Run,Run,Run,2025-04-11 16:52:29,5.671,30.28,34.08,70.0,11.24,16.49,157.5,166.0,292.7,436,54.0,,83.1,"42.420086,-71.196087",,,,g20583632,False,False,False,0,7,2,1,0,a14149432909
14129595234,Cross Fells Trail Jaunt,Run,TrailRun,2025-04-09 13:33:37,6.469,41.3,41.82,173.0,9.4,15.34,158.7,171.0,257.0,399,78.0,,82.2,"42.431551,-71.130282",,,,g20583632,False,False,False,0,6,0,1,0,a14129595234
14109196724,Afternoon Run,Run,Run,2025-04-07 13:46:11,5.66,30.08,30.33,83.0,11.29,15.91,158.7,174.0,299.3,507,58.0,,84.4,"42.299051,-71.351758",,,,g20583632,False,False,False,0,5,2,1,0,a14109196724
14080505492,"Suns out, guns (and gut) out",Run,Run,2025-04-04 14:04:41,7.69,42.4,42.45,68.0,10.88,14.98,162.6,173.0,286.5,443,93.0,,82.3,"42.420111,-71.196145",,,,g20583632,False,False,False,2,7,0,1,1,a14080505492
14059864000,Lunch Run,Run,Run,2025-04-02 11:26:40,8.126,47.82,47.88,164.0,10.2,16.13,161.2,174.0,273.7,423,99.0,,83.1,"42.42022,-71.19613",,,,g20583632,False,False,False,1,5,0,1,0,a14059864000
14054223645,Evening Dumbells,WeightTraining,WeightTraining,2025-04-01 20:00:00,,53.08,53.08,0,,,87.7,161.0,,,6.0,,,,,,,,True,False,False,0,5,0,1,0,a14054223645
14033397268,Afternoon Run,Run,Run,2025-03-30 14:28:27,10.178,52.85,53.48,59.0,11.56,16.42,163.4,177.0,295.7,437,120.0,,84.2,"42.416827,-71.153961",,,,g20583632,False,False,False,5,6,0,1,5,a14033397268
14014333675,Afternoon Run,Run,Run,2025-03-28 16:19:31,7.344,40.27,40.37,94.0,10.94,14.83,163.4,177.0,290.5,428,93.0,,83.0,"42.420101,-71.196158",,,,g20583632,False,False,False,2,8,0,1,2,a14014333675
13996906186,West Farm quick one,Run,Run,2025-03-26 17:39:35,3.786,20.05,20.05,56.0,11.33,15.91,156.9,170.0,296.0,435,36.0,,84.0,"42.42012,-71.196151",,,,g20583632,False,False,False,1,5,0,1,1,a13996906186
13983102306,Sick kid day,Hike,Hike,2025-03-25 10:11:32,1.755,32.55,37.4,28.0,3.24,5.54,91.8,118.0,,,4.0,,50.5,"42.42037,-71.196362",,,,,False,False,False,0,5,0,1,0,a13983102306
13966203079,Temperatures Plummet,AlpineSki,AlpineSki,2025-03-23 09:42:08,9.242,58.5,173.33,251.2,9.48,41.4,93.7,137.0,,,7.0,,,"44.92725,-72.522413",,,,,False,False,False,0,4,0,2,0,a13966203079
13957129060,Jay Peak Spring Riding,Snowboard,Snowboard,2025-03-22 09:36:45,19.1,93.33,281.83,88.4,12.28,54.5,113.1,160.0,,,21.0,,,"44.927371,-72.523048",,,,,False,False,False,0,12,0,2,0,a13957129060
13928048937,Lunch Run,Run,Run,2025-03-19 12:20:47,7.296,41.22,41.22,87.0,10.62,15.19,165.1,175.0,279.7,393,100.0,,82.0,"42.420163,-71.196179",,,,g20583632,False,False,False,1,6,0,1,0,a13928048937
13920201252,Afternoon Run,Run,Run,2025-03-18 15:46:43,6.498,34.58,34.58,70.0,11.28,15.98,162.0,172.0,296.1,438,74.0,,82.1,"42.299082,-71.351916",,,,g20583636,False,False,False,2,5,0,1,0,a13920201252
13900584953,Basement dumbells,Workout,Workout,2025-03-16 12:03:32,,20.37,20.37,0,,,106.4,160.0,,,3.0,,,,,,,,True,False,False,0,4,0,1,0,a13900584953
13882516827,Afternoon Rock Climb,Workout,RockClimbing,2025-03-14 13:43:53,,59.93,59.93,0,,,91.7,142.0,,,7.0,,,,,,,,True,False,False,0,5,2,1,0,a13882516827
13865841793,Joel's a hero,Run,Run,2025-03-12 17:10:23,5.816,28.85,30.42,12.0,12.1,15.41,154.7,173.0,300.0,470,43.0,,84.4,"42.420169,-71.196089",,,,g20583632,False,False,False,9,7,3,1,9,a13865841793
13845851986,Afternoon Run,Run,Run,2025-03-10 15:34:17,6.183,32.13,32.13,55.0,11.55,15.34,163.0,173.0,302.2,414,72.0,,82.6,"42.299108,-71.351765",,,,g20583636,False,False,False,1,6,0,1,0,a13845851986
13826341126,Testing the incident detection algorithm,Run,Run,2025-03-08 12:28:54,9.993,55.92,56.55,124.0,10.72,14.4,161.2,170.0,277.8,434,114.0,,83.4,"42.420089,-71.196117",,,,g20583632,False,False,False,1,8,0,1,0,a13826341126
13806346828,Excellent weather,Run,Run,2025-03-06 10:38:54,6.497,33.5,33.87,39.0,11.64,15.41,162.0,176.0,298.3,432,71.0,,83.1,"42.299095,-71.35175",,,,g20583636,False,False,False,0,5,1,1,0,a13806346828
13781100993,Back to winter,Run,Run,2025-03-03 16:03:24,5.052,26.45,26.45,49.0,11.46,16.2,157.0,175.0,297.5,428,47.0,,83.0,"42.299059,-71.351918",,,,g20583636,False,False,False,0,4,0,1,0,a13781100993
13772139353,Ring Fit,Workout,Workout,2025-03-02 14:06:47,,34.63,34.63,0,,,78.1,125.0,,,3.0,,,,,,,,True,False,False,0,1,0,1,0,a13772139353
13759838212,Stroller jog,Run,Run,2025-03-01 09:23:17,4.832,27.87,31.48,46.0,10.4,15.48,147.5,168.0,175.2,466,34.0,,84.4,"42.420113,-71.196129",,,,g20583632,False,False,False,0,10,0,1,0,a13759838212
13745218647,Free the forearms,Run,Run,2025-02-27 16:00:29,4.912,26.38,26.45,47.0,11.17,16.92,155.8,167.0,294.8,442,46.0,,82.5,"42.299069,-71.351755",,,,g20583636,False,False,False,0,3,0,1,0,a13745218647
13734652962,Lunch Rock Climb,RockClimbing,RockClimbing,2025-02-26 12:39:04,,36.17,36.17,0,,,106.0,156.0,,,6.0,,,,,,,,True,False,False,0,3,0,1,0,a13734652962
13723885414,Free the thighs!,Run,Run,2025-02-25 10:27:26,5.94,31.63,33.0,38.0,11.26,14.26,151.1,165.0,287.4,387,42.0,,82.8,"42.299142,-71.351823",,,,g20583632,False,False,False,0,6,0,1,0,a13723885414
13705578217,Morning Run,Run,Run,2025-02-23 08:28:11,7.291,41.4,42.38,51.0,10.57,15.19,152.6,167.0,271.3,421,63.0,,84.8,"42.420133,-71.196186",,,,g20583632,False,False,False,0,6,0,1,0,a13705578217
13699410928,Kid climbing,Workout,RockClimbing,2025-02-22 16:27:09,,29.27,29.27,0,,,83.2,127.0,,,3.0,,,,,,,,True,False,False,0,6,0,1,0,a13699410928
13681501328,Afternoon CRG,Workout,RockClimbing,2025-02-20 14:34:44,,48.22,48.22,0,,,80.6,147.0,,,4.0,,,,,,,,True,False,False,0,2,0,1,0,a13681501328
13661976844,Lunch Run,Run,Run,2025-02-18 12:02:30,4.304,25.52,25.68,64.0,10.12,14.9,152.6,170.0,274.9,390,37.0,,82.3,"42.299102,-71.3518",,,,g20583632,False,False,False,0,7,1,1,0,a13661976844
13610011633,Lunch Run,Run,Run,2025-02-12 11:49:18,8.058,44.08,44.82,105.0,10.97,14.26,148.0,162.0,284.5,384,57.0,,82.2,"42.42019,-71.19613",,,,g20583632,False,False,False,2,6,3,1,2,a13610011633
13584890319,Maine Hut Trail Day 3,NordicSki,NordicSki,2025-02-09 09:30:26,7.291,111.73,130.23,65.0,3.92,14.33,108.3,141.0,,,20.0,,52.3,"45.196877,-70.175648",,,,,False,False,False,0,7,2,2,0,a13584890319
13584890096,Maine Hut Trail Day 2,NordicSki,NordicSki,2025-02-08 09:23:42,18.815,265.72,348.0,309.0,4.25,19.5,120.4,150.0,,,64.0,,51.9,"45.101392,-70.186078",,,,,False,False,False,0,4,0,1,0,a13584890096
13567538059,Maine Hut Trail Day 1,NordicSki,NordicSki,2025-02-07 15:30:55,2.317,31.43,109.32,28.0,4.42,12.46,93.9,130.0,,,4.0,,,"45.08908,-70.220284",,,,,False,False,False,0,4,0,2,0,a13567538059
13529637698,Free the calves!,Run,Run,2025-02-03 11:40:11,10.01,52.9,52.95,57.0,11.35,15.12,154.7,168.0,291.8,390,88.0,,83.2,"42.299086,-71.351832",,,,g20583632,False,False,False,0,7,0,1,0,a13529637698
13503220099,Skate Date,IceSkate,IceSkate,2025-01-31 12:17:06,0.053,37.37,37.37,0,0.09,6.48,92.9,111.0,1.7,241,4.0,,62.5,,,,,,True,False,False,0,2,0,1,0,a13503220099
13485188081,Lunch Run,Run,Run,2025-01-29 11:14:24,8.138,44.22,44.28,75.0,11.04,14.18,158.4,169.0,292.9,431,82.0,,83.4,"42.299039,-71.351832",,,,g20583632,False,False,False,2,4,0,1,0,a13485188081
13479655570,Evening Alpine Ski,AlpineSki,AlpineSki,2025-01-28 18:14:40,4.561,33.0,83.75,458.8,8.29,39.53,82.7,124.0,,,3.0,,,"42.298726,-71.681237",,,,,False,False,False,1,2,0,1,1,a13479655570
13466370535,Guess I missed the earthquake,Run,Run,2025-01-27 10:17:59,4.87,28.37,29.38,80.0,10.3,14.11,150.1,162.0,277.2,430,39.0,,84.3,"42.420146,-71.196134",,,,g20583632,False,False,False,0,6,0,1,0,a13466370535
13457604194,Pond skate,IceSkate,IceSkate,2025-01-26 08:20:55,1.094,15.48,16.3,0.0,4.24,11.45,100.0,115.0,8.9,264,2.0,,52.6,"42.429226,-71.20453",,,,,False,False,False,0,6,0,1,0,a13457604194
13450705404,Lunch Run,Run,Run,2025-01-25 12:03:35,8.393,45.6,45.7,71.0,11.04,15.05,157.1,169.0,288.0,401,82.0,,84.3,"42.420141,-71.196247",,,,g20583632,False,False,False,2,5,0,1,1,a13450705404
13431206997,Just a wee one,Run,Run,2025-01-23 07:39:21,2.708,14.25,14.45,17.0,11.4,18.29,161.9,176.0,294.1,506,30.0,,85.1,"42.346821,-71.043801",,,,g20583632,False,False,False,2,4,2,1,1,a13431206997
13422309230,Old Haunts,Run,Run,2025-01-22 06:34:21,7.018,37.52,38.95,51.0,11.22,21.96,151.8,164.0,287.8,495,56.0,,85.9,"42.346482,-71.043424",,,,g20583632,False,False,False,1,5,0,1,1,a13422309230
13418110751,Afternoon Run,Run,Run,2025-01-21 17:03:12,1.026,5.12,5.27,3.0,12.03,29.09,156.2,173.0,293.7,519,8.0,,85.9,"42.347539,-71.04404",,,,g20583636,False,False,False,0,0,0,1,0,a13418110751
13418009110,Castle Island,Run,Run,2025-01-21 16:06:39,8.851,45.95,47.57,38.0,11.56,35.64,162.5,175.0,293.1,511,97.0,,85.2,"42.347354,-71.043044",,,,g20583632,False,False,False,0,4,0,1,0,a13418009110
13407588474,Kids' first chairlifts,AlpineSki,AlpineSki,2025-01-20 13:07:34,1.859,24.5,54.28,157.4,4.55,15.05,86.1,115.0,,,2.0,,,"42.298666,-71.681232",,,,,False,False,False,0,4,0,1,0,a13407588474
13397626310,Third time's a charm,Run,TrailRun,2025-01-19 08:44:11,7.249,45.97,47.33,119.0,9.46,16.06,151.1,167.0,250.8,408,62.0,,84.2,"42.420157,-71.196145",,,,g20583632,False,False,False,0,6,0,1,0,a13397626310
13380536794,Lunch Run,Run,Run,2025-01-17 12:03:54,5.609,31.22,31.52,90.0,10.78,17.57,155.4,169.0,282.8,474,54.0,,84.1,"42.420056,-71.196069",,,,g20583632,False,False,False,2,3,0,1,0,a13380536794
13364076896,Afternoon Run,Run,Run,2025-01-15 13:31:03,5.271,30.17,31.23,68.0,10.48,20.02,149.6,162.0,277.3,485,40.0,,85.3,"42.42019,-71.196179",,,,g20583632,False,False,False,3,5,1,2,2,a13364076896
13357490460,Moonlight ski lesson,AlpineSki,AlpineSki,2025-01-14 18:24:53,3.739,26.2,67.8,372.4,8.56,26.71,85.4,125.0,,,2.0,,,"42.298939,-71.680855",,,,,False,False,False,0,4,2,1,0,a13357490460
13345136699,Lunch Run,Run,Run,2025-01-13 12:47:00,4.894,25.17,25.55,43.0,11.67,15.91,159.3,171.0,301.6,404,49.0,,84.0,"42.299093,-71.351751",,,,g20583632,False,False,False,1,5,0,1,0,a13345136699
13327828275,Winter Wonderland,Run,Run,2025-01-11 12:49:31,11.736,68.7,74.32,98.0,10.25,18.22,136.8,154.0,263.9,384,43.0,,83.0,"42.447505,-71.26392",,,,g21225297,False,False,False,10,4,1,1,1,a13327828275
13310816695,Afternoon Run,Run,Run,2025-01-09 14:29:15,6.454,34.12,34.12,74.0,11.35,15.34,157.3,169.0,301.9,451,62.0,,84.2,"42.299229,-71.351662",,,,g20583636,False,False,False,3,5,0,1,3,a13310816695
13295325586,Ski Lesson,AlpineSki,AlpineSki,2025-01-07 18:50:10,2.279,16.45,53.95,214.4,8.31,21.96,97.8,131.0,,,2.0,,,"42.299146,-71.680944",,,,,False,False,False,0,4,0,1,0,a13295325586
13294411508,Afternoon Run,Run,Run,2025-01-07 17:14:59,2.819,15.05,15.05,20.0,11.24,15.41,156.9,173.0,297.1,355,26.0,,83.1,"42.298753,-71.349705",,,,g20583636,False,False,False,0,1,0,1,0,a13294411508
13273754310,Whipple Whapple Whoo,Run,Run,2025-01-05 09:33:10,10.044,57.62,59.3,161.0,10.46,14.76,159.1,174.0,277.7,424,113.0,,84.7,"42.420156,-71.196129",,,,g20583632,False,False,False,3,6,0,1,1,a13273754310
13258685635,Proof of relationship,Workout,RockClimbing,2025-01-03 16:24:04,,49.58,49.58,0,,,84.3,134.0,,,5.0,,,,,,,,True,False,False,0,5,0,1,0,a13258685635
13248161679,A Blustery Day,Run,Run,2025-01-02 11:30:01,5.365,29.05,29.05,95.0,11.08,17.71,158.3,165.0,296.5,633,53.0,,83.8,"42.29914,-71.351642",,,,g20583636,False,False,False,1,4,0,1,0,a13248161679
13239867134,Jovial Jaunt to Jumpstart January,Walk,Walk,2025-01-01 10:43:03,1.389,34.32,59.4,20.0,2.43,5.33,75.9,95.0,,,2.0,,50.0,"42.420335,-71.196197",,,,,False,False,False,0,4,0,1,0,a13239867134
13233365650,Western Greenway from Rock Meadows,Run,TrailRun,2024-12-31 10:55:43,16.22,98.43,101.33,271.0,9.89,15.55,160.3,174.0,263.2,396,199.0,,83.9,"42.399846,-71.195803",,,,g20583632,False,False,False,0,9,5,1,0,a13233365650
13223600667,Morning Run with Dre,Run,Run,2024-12-30 08:39:44,5.68,31.8,31.8,93.0,10.72,13.75,155.5,170.0,278.5,372,56.0,,84.3,"43.746821,-72.326014",,,,g21225297,False,False,False,0,3,0,2,0,a13223600667
13219399424,Record of Nap,Hike,Hike,2024-12-29 15:33:23,3.229,55.92,59.93,101.0,3.46,6.84,107.4,140.0,,,9.0,,56.4,"43.746693,-72.326484",,,,,False,False,False,0,7,0,2,0,a13219399424
13210686200,Whaleback Mtn kid adventure,AlpineSki,AlpineSki,2024-12-28 12:56:49,3.913,27.37,70.77,37.2,8.58,40.68,101.8,129.0,,,4.0,,,"43.595462,-72.183273",,,,,False,False,False,12,5,0,3,4,a13210686200
13193824950,Morning Run,Run,Run,2024-12-26 08:36:11,5.511,32.92,32.98,86.0,10.05,14.76,155.5,173.0,264.2,378,58.0,,84.2,"42.420234,-71.196199",,,,g20583636,False,False,False,1,4,0,1,0,a13193824950
13182320853,Slippery little fella,Run,Run,2024-12-24 09:53:22,6.499,36.62,36.82,39.0,10.65,14.83,152.1,162.0,273.6,399,56.0,,84.6,"42.29917,-71.351715",,,,g20583636,False,False,False,0,5,2,1,0,a13182320853
13169448588,Did It,Run,Run,2024-12-22 09:57:53,14.751,84.12,84.55,97.0,10.52,14.98,156.5,172.0,274.3,415,151.0,,84.8,"42.420206,-71.196162",,,,g20583632,False,False,False,3,5,0,1,0,a13169448588
13163709174,Nap resistance has no regard for weather,EBikeRide,EBikeRide,2024-12-21 13:48:09,9.615,54.23,56.45,79.0,10.64,20.52,98.5,147.0,,,8.0,,,"42.420159,-71.196093",,,,,False,False,False,0,6,0,1,0,a13163709174
13157039446,Snow shuffle,Run,Run,2024-12-20 14:39:24,4.189,25.28,25.28,71.0,9.94,13.68,155.0,167.0,266.5,385,42.0,,83.2,"42.420126,-71.196131",,,,,False,False,False,0,5,2,1,0,a13157039446
13149746580,Lunch Run,Run,Run,2024-12-19 11:32:30,4.941,26.38,26.38,49.0,11.24,15.77,152.4,166.0,295.7,419,38.0,,83.6,"42.299089,-71.351816",,,,g20583636,False,False,False,1,3,0,1,1,a13149746580
13135772747,Lunch Run,Run,Run,2024-12-17 11:01:46,7.372,41.6,41.68,89.0,10.63,15.7,157.3,172.0,281.8,418,75.0,,83.0,"42.420238,-71.196241",,,,g20583632,False,False,False,2,2,0,1,1,a13135772747
13122003269,Swim class sneak-out,Run,Run,2024-12-15 10:05:16,4.659,25.28,25.28,44.0,11.06,14.76,153.5,163.0,284.5,407,41.0,,84.0,"42.498132,-71.22418",,,,g20583632,False,False,False,0,3,1,1,0,a13122003269
13116599370,Sad run,Run,TrailRun,2024-12-14 15:59:28,7.446,43.05,44.1,111.0,10.38,14.4,155.4,170.0,274.4,400,72.0,,83.4,"42.399975,-71.195806",,,,g20583632,False,False,False,0,7,0,1,0,a13116599370
13108395024,Lunch Rock Climb,Workout,RockClimbing,2024-12-13 12:24:35,,27.58,27.58,0,,,90.6,126.0,,,3.0,,,,,,,,True,False,False,0,3,0,1,0,a13108395024
13102970321,Afternoon Run,Run,Run,2024-12-12 16:25:12,4.835,26.63,26.63,62.0,10.89,17.86,156.1,168.0,288.4,423,45.0,,84.0,"42.420171,-71.196151",,,,g20583632,False,False,False,1,3,0,1,1,a13102970321
13088882248,Afternoon Run,Run,Run,2024-12-10 15:58:49,4.961,26.82,26.82,45.0,11.1,17.78,154.9,165.0,286.2,381,45.0,,83.9,"42.29912,-71.351701",,,,g20583636,False,False,False,1,4,0,1,1,a13088882248
13078883697,Morning Run,Run,Run,2024-12-09 08:31:34,5.03,30.55,30.55,84.0,9.88,15.19,152.0,162.0,259.4,382,46.0,,83.5,"42.420141,-71.196159",,,,g20583632,False,False,False,1,4,0,1,0,a13078883697
13074876557,Please nap,EBikeRide,EBikeRide,2024-12-08 14:13:57,9.11,44.58,48.82,142.0,12.26,33.72,93.9,128.0,,,6.0,,,"42.420236,-71.195966",,,,,False,False,False,0,5,0,1,0,a13074876557
13067465312,Garmin's incident detection works,Run,Run,2024-12-07 12:59:46,12.909,71.95,72.32,118.0,10.76,16.56,154.7,165.0,283.4,427,120.0,,83.1,"42.448065,-71.256701",,,,g20583632,False,False,False,10,6,3,1,6,a13067465312
13054778313,Afternoon Run,Run,Run,2024-12-05 15:31:12,6.47,34.52,36.35,40.0,11.25,14.4,154.6,169.0,284.7,406,56.0,,83.6,"42.299098,-71.351917",,,,g20583636,False,False,False,0,4,0,1,0,a13054778313
13040845613,Afternoon Run,Run,Run,2024-12-03 15:45:53,6.734,37.43,37.5,78.0,10.79,15.26,152.6,163.0,279.4,367,57.0,,83.7,"42.299691,-71.352685",,,,g20583636,False,False,False,2,3,0,1,1,a13040845613
13023866295,Morning Run,Run,Run,2024-12-01 08:38:54,7.405,42.28,42.28,98.0,10.51,14.98,157.8,167.0,274.8,397,75.0,,84.1,"42.420261,-71.196286",,,,g20583632,False,False,False,2,3,0,1,2,a13023866295
13009209317,Battle Road Run,Run,Run,2024-11-29 08:44:47,11.352,63.28,63.93,106.0,10.76,20.59,156.5,166.0,280.1,442,108.0,,83.6,"42.448001,-71.256747",,,,g20583632,False,False,False,0,3,0,1,0,a13009209317
13004612589,Ring Fit 🎮😂,Workout,Workout,2024-11-28 13:49:27,,37.63,37.63,0,,,80.1,125.0,,,3.0,,,,,,,,True,False,False,0,2,0,1,0,a13004612589
12995888007,MathWorks to MathWorks,Run,Run,2024-11-27 10:08:47,5.644,30.02,32.22,46.0,11.28,15.26,141.2,168.0,287.3,391,21.0,,84.2,"42.299033,-71.349346",,,,,False,False,False,1,4,0,1,0,a12995888007
12990964883,Afternoon Run,Run,Run,2024-11-26 15:47:41,5.228,28.17,28.17,46.0,11.14,15.41,152.7,169.0,287.2,367,38.0,,83.3,"42.299054,-71.351812",,,,,False,False,False,1,3,0,1,0,a12990964883
12974036748,Around the Mystic Lakes,Run,Run,2024-11-24 09:57:20,9.677,52.9,55.12,79.0,10.98,15.55,152.2,169.0,285.1,462,75.0,,84.5,"42.416937,-71.153382",,,,,False,False,False,0,4,3,1,0,a12974036748
12959273496,Lunch Run,Run,Run,2024-11-22 11:10:48,6.52,36.4,36.4,43.0,10.75,16.99,156.7,179.0,278.0,379,61.0,,83.8,"42.426326,-71.19452",,,,,False,False,False,3,2,0,1,2,a12959273496
12945579828,Fresh Pond in the sun,Run,Run,2024-11-20 12:00:25,5.61,29.77,31.23,7.0,11.31,16.49,135.9,145.0,283.4,379,13.0,,83.6,"42.390658,-71.146021",,,,,False,False,False,0,2,0,1,0,a12945579828
12930151649,The Minuteman is boring but flat,Run,Run,2024-11-18 11:17:59,6.446,34.32,34.32,36.0,11.27,15.62,,,291.0,361,,,83.4,"42.416582,-71.153532",,,,,False,False,False,0,2,0,1,0,a12930151649
12913534893,Morning Run,Run,Run,2024-11-16 07:44:04,5.491,33.15,33.15,88.0,9.94,14.69,,,262.3,391,,,84.3,"42.420092,-71.196174",,,,,False,False,False,0,5,2,1,0,a12913534893
12900539695,Lunch Run,Run,Run,2024-11-14 12:06:01,6.444,36.23,36.23,68.0,10.67,15.19,,,278.7,373,,,82.4,"42.299068,-71.351803",,,,,False,False,False,3,2,0,1,1,a12900539695
12876493245,Whipple Hill,Run,Run,2024-11-11 10:20:47,8.291,50.97,51.48,105.0,9.76,14.98,,,261.6,454,,,82.1,"42.42004,-71.196202",,,,,False,False,False,1,3,0,1,1,a12876493245
12871156765,EBike with Miri,EBikeRide,EBikeRide,2024-11-10 14:33:14,15.346,55.48,60.73,96.0,16.6,36.65,,,,,,,,"42.420187,-71.196034",,,,,False,False,False,0,4,0,1,0,a12871156765
12868348618,Tried a built in Garmin ab workout,Workout,Pilates,2024-11-10 08:59:45,,14.72,14.72,0,,,,,,,,,70.5,,,,,,True,False,False,0,0,0,1,0,a12868348618
12863039080,Mommy and Miri hike (and Harry),Hike,Hike,2024-11-09 15:32:47,4.239,66.27,92.68,64.0,3.84,6.74,,,,,,,55.1,"42.420232,-71.196161",,,,,False,False,False,0,2,0,1,0,a12863039080
12847090911,Blech 2,Run,Run,2024-11-07 12:20:55,6.439,36.9,37.67,70.0,10.47,14.83,,,278.3,356,,,81.8,"42.299091,-71.351758",,,,,False,False,False,3,1,0,1,3,a12847090911
12838069982,Stole Joel's Mountain Bike,Ride,MountainBikeRide,2024-11-06 11:15:18,8.266,39.48,41.2,96.0,12.56,32.76,,,,,,,,"42.42034,-71.195864",,,,,False,False,False,0,1,0,1,0,a12838069982
12828666157,Morning Run,Run,Run,2024-11-05 08:30:01,4.577,25.43,25.43,44.0,10.8,14.83,,,280.4,350,,,83.2,"42.299057,-71.351762",,,,,False,False,False,1,3,0,1,1,a12828666157
12814477369,Meadows/Reservoir,Run,Run,2024-11-03 09:44:42,8.062,48.8,48.85,97.0,9.91,15.55,,,257.8,360,,,82.8,"42.420453,-71.197128",,,,,False,False,False,0,2,0,1,0,a12814477369
12800676567,Picking up Children's Motrin,Run,TrailRun,2024-11-01 16:26:11,5.034,30.25,35.47,71.0,9.99,17.14,,,261.9,428,,,82.1,"42.42217,-71.197794",,,,,False,False,False,0,2,0,1,0,a12800676567
12800678215,Blech,Run,Run,2024-10-29 17:49:04,4.386,26.87,26.95,34.0,9.8,13.9,,,257.9,330,,,79.6,"42.299354,-71.352994",,,,,False,False,False,1,1,0,1,0,a12800678215
12800678361,Busa Bushwhack Trail Race,Run,TrailRun,2024-10-27 09:14:41,8.649,49.27,49.27,127.0,10.53,22.25,,,277.2,468,,,83.7,"42.310592,-71.464514",,,,g21225297,False,False,False,0,0,0,7,0,a12800678361
12800678348,Lunch Run,Run,Run,2024-10-25 11:08:09,4.324,25.88,25.95,74.0,10.02,16.78,,,264.5,382,,,82.1,"42.420214,-71.196238",,,,,False,False,False,1,0,0,1,1,a12800678348
12800678332,Lunch Run,Run,Run,2024-10-23 12:10:03,4.121,25.1,25.2,66.0,9.85,14.11,,,267.5,388,,,81.4,"42.420183,-71.196207",,,,,False,False,False,1,0,0,1,0,a12800678332
12800678378,The Run That Sucked,Run,Run,2024-10-21 11:42:22,7.775,48.27,48.38,93.0,9.67,17.57,,,257.3,371,,,81.3,"42.29903,-71.352056",,,,,False,False,False,1,0,0,1,1,a12800678378
12800678349,Morning Run,Run,Run,2024-10-20 09:52:32,4.711,26.83,27.0,42.0,10.53,15.19,,,274.5,377,,,82.2,"42.498315,-71.223579",,,,,False,False,False,0,0,0,1,0,a12800678349
12800678339,Lunch Run,Run,Run,2024-10-18 11:56:53,5.52,32.72,32.8,85.0,10.12,15.48,,,268.2,390,,,81.5,"42.420074,-71.196144",,,,,False,False,False,2,0,0,1,0,a12800678339
12800678436,Lunch Run,Run,Run,2024-10-16 11:42:27,7.416,40.78,40.85,20.0,10.91,14.9,,,286.2,399,,,82.1,"42.426394,-71.195051",,,,,False,False,False,0,0,0,1,0,a12800678436
12800678510,Lunch Run,Run,Run,2024-10-14 12:31:46,5.507,33.27,33.58,88.0,9.93,17.14,,,266.2,405,,,82.5,"42.42013,-71.196038",,,,,False,False,False,2,0,0,1,2,a12800678510
12800678402,Afternoon Run,Run,Run,2024-10-13 13:29:00,5.512,33.43,33.6,90.0,9.89,15.55,,,261.9,381,,,81.7,"42.422956,-71.197463",,,,,False,False,False,2,0,0,1,0,a12800678402
